200.0,1.2579328847758946e-24
200.1,1.5584344660732208e-24
200.2,1.929576035217538e-24
200.3,2.387691253291241e-24
200.4,2.952826972750612e-24
200.5,3.6495727627783614e-24
200.6,4.5080724476387316e-24
200.7,5.565256861082878e-24
200.8,6.866345303384359e-24
200.9,8.466673187072433e-24
201.0,1.0433915421080098e-23
201.1,1.285078962826046e-23
201.2,1.5818340818043358e-23
201.3,1.945993024309044e-23
201.4,2.3926076572332555e-23
201.5,2.940032806933072e-23
201.6,3.610638119791102e-23
201.7,4.431670520906448e-23
201.8,5.436298525328442e-23
201.9,6.664876015146217e-23
202.0,8.16647072207016e-23
202.1,1.0000711796126009e-22
202.2,1.2240021791221627e-22
202.3,1.4972311508045283e-22
202.4,1.8304231820830457e-22
202.5,2.2365095372459063e-22
202.6,2.731160344070379e-22
202.7,3.333354005619593e-22
202.8,4.0660627419032313e-22
202.9,4.957077479951941e-22
203.0,6.039999858502042e-22
203.1,7.355434533016828e-22
203.2,8.952421421652842e-22
203.3,1.0890155216466536e-21
203.4,1.3240048625367649e-21
203.5,1.6088206679407088e-21
203.6,1.953839235622823e-21
203.7,2.3715579110903488e-21
203.8,2.8770204114592456e-21
203.9,3.48832576039308e-21
204.0,4.2272369357828524e-21
204.1,5.1199083671185624e-21
204.2,6.197755014398769e-21
204.3,7.498490015716836e-21
204.4,9.067362924889841e-21
204.5,1.0958636512979876e-20
204.6,1.3237347141837024e-20
204.7,1.5981402025997058e-20
204.8,1.9284076506634757e-20
204.9,2.3256986032032832e-20
205.0,2.803362118275036e-20
205.1,3.3773550159001185e-20
205.2,4.066741208715046e-20
205.3,4.8942846798332223e-20
205.4,5.887153296563716e-20
205.5,7.077753733594754e-20
205.6,8.504721405072236e-20
205.7,1.0214093564239764e-19
205.8,1.2260698729939993e-19
205.9,1.4709801467168813e-19
206.0,1.763904843080755e-19
206.1,2.114076964853804e-19
206.2,2.532469846978916e-19
206.3,3.0321184673869603e-19
206.4,3.6284988181634344e-19
206.5,4.339975596394751e-19
206.6,5.188330245057475e-19
206.7,6.199383443716892e-19
206.8,7.403728565568753e-19
206.9,8.837595438291587e-19
207.0,1.0543867037217647e-18
207.1,1.2573275576710003e-18
207.2,1.4985808937846328e-18
207.3,1.7852363579764515e-18
207.4,2.1256686146718354e-18
207.5,2.529765303981744e-18
207.6,3.0091945429705837e-18
207.7,3.577718672664519e-18
207.8,4.251562060845827e-18
207.9,5.04984205776964e-18
208.0,5.995073695774551e-18
208.1,7.113760456648377e-18
208.2,8.437085439816513e-18
208.3,1.0001719592776381e-17
208.4,1.1850766362079467e-17
208.5,1.403486524528162e-17
208.6,1.661348033688362e-17
208.7,1.965640413931373e-17
208.8,2.324551173952593e-17
208.9,2.7476806031639308e-17
209.0,3.2462801109479544e-17
209.1,3.8335298389936575e-17
209.2,4.524861860767572e-17
209.3,5.3383362714399356e-17
209.4,6.295078611711484e-17
209.5,7.419788382300994e-17
209.6,8.741329917925491e-17
209.7,1.029341862968352e-16
209.8,1.211541762618124e-16
209.9,1.4253262024685868e-16
210.0,1.6760530907604428e-16
210.1,1.969968991621074e-16
210.2,2.3143530959579016e-16
210.3,2.7176839516514075e-16
210.4,3.1898324595454873e-16
210.5,3.7422851675636344e-16
210.6,4.388402497742631e-16
210.7,5.143717230900993e-16
210.8,6.026279363387503e-16
210.9,7.057054353852606e-16
211.0,8.26038281118528e-16
211.1,9.664510855689201e-16
211.2,1.1302201734709588e-15
211.3,1.3211440814533714e-15
211.4,1.5436247828743576e-15
211.5,1.802761226918807e-15
211.6,2.1044570093109024e-15
211.7,2.455544252697759e-15
211.8,2.8639260717493546e-15
211.9,3.338740336196064e-15
212.0,3.890547829910252e-15
212.1,4.531548341985577e-15
212.2,5.275828723632178e-15
212.3,6.1396475105393094e-15
212.4,7.141761353160084e-15
212.5,8.30379922725465e-15
212.6,9.650691225415403e-15
212.7,1.1211159670044701e-14
212.8,1.3018281353833516e-14
212.9,1.51101309215152e-14
213.0,1.7530516774846278e-14
213.1,2.0329822431991854e-14
213.2,2.356596802599722e-14
213.3,2.7305508610737388e-14
213.4,3.162488818588473e-14
213.5,3.661187088791457e-14
213.6,4.236717365849891e-14
213.7,4.900632793635493e-14
213.8,5.666180156966692e-14
213.9,6.548541626547489e-14
214.0,7.565110053782072e-14
214.1,8.735802335281258e-14
214.2,1.0083415956863019e-13
214.3,1.163403449129814e-13
214.4,1.34174885720219e-13
214.5,1.546787970665097e-13
214.6,1.7824175240709826e-13
214.7,2.0530883846102297e-13
214.8,2.363882210462648e-13
214.9,2.7205984099928475e-13
215.0,3.1298527439192437e-13
215.1,3.599189081800541e-13
215.2,4.1372060140073527e-13
215.3,4.753700233163765e-13
215.4,5.459828837572205e-13
215.5,6.268292976337453e-13
215.6,7.193545555104555e-13
215.7,8.252026056218711e-13
215.8,9.462425901778897e-13
215.9,1.0845988207045565e-12
216.0,1.2426846240019876e-12
216.1,1.4232405426297289e-12
216.2,1.629377432276609e-12
216.3,1.8646250636160265e-12
216.4,2.1329869090550097e-12
216.5,2.43900187599396e-12
216.6,2.7878138387572925e-12
216.7,3.1852499222569672e-12
216.8,3.6379086028606e-12
216.9,4.153258817094717e-12
217.0,4.7397514081303694e-12
217.1,5.406944394981311e-12
217.2,6.165643721716563e-12
217.3,7.028061335580889e-12
217.4,8.007992655820545e-12
217.5,9.121015731469004e-12
217.6,1.0384714648859415e-11
217.7,1.1818930040968439e-11
217.8,1.3446039873856505e-11
217.9,1.5291274043791444e-11
218.0,1.7383066715814073e-11
218.1,1.9753450774492562e-11
218.2,2.2438499244874556e-11
218.3,2.5478819081081997e-11
218.4,2.8920103316781333e-11
218.5,3.281374823194732e-11
218.6,3.721754292015958e-11
218.7,4.219643944727407e-11
218.8,4.782341268329811e-11
218.9,5.4180419873217863e-11
219.0,6.135947109849636e-11
219.1,6.946382297916402e-11
219.2,7.86093092878841e-11
219.3,8.892582360417436e-11
219.4,1.0055897074232018e-10
219.5,1.1367190545490647e-10
219.6,1.2844737886088965e-10
219.7,1.450900151902227e-10
219.8,1.6382884379469085e-10
219.9,1.8492011396752e-10
220.0,2.086504229647585e-10
220.1,2.3534019075313984e-10
220.2,2.6534751845004586e-10
220.3,2.9907247119795954e-10
220.4,3.369618303618932e-10
220.5,3.795143644867514e-10
220.6,4.272866734386468e-10
220.7,4.808996656230521e-10
220.8,5.410457341633329e-10
220.9,6.084967044859603e-10
221.0,6.841126329446469e-10
221.1,7.688515439796887e-10
221.2,8.637802019121272e-10
221.3,9.700860228828336e-10
221.4,1.0890902427309976e-09
221.5,1.2222624678477339e-09
221.6,1.3712367483164105e-09
221.7,1.5378293260581845e-09
221.8,1.724058225331561e-09
221.9,1.932164868897618e-09
222.0,2.1646379205743673e-09
222.1,2.4242395738788383e-09
222.2,2.71403452714221e-09
222.3,3.037421908009106e-09
222.4,3.3981704347689375e-09
222.5,3.800457128666131e-09
222.6,4.2489099203939675e-09
222.7,4.7486545255726194e-09
222.8,5.3053659983736324e-09
222.9,5.925325409784304e-09
223.0,6.615482137571775e-09
223.1,7.383522299054139e-09
223.2,8.237943905598065e-09
223.3,9.188139369654327e-09
223.4,1.0244486051409535e-08
223.5,1.1418445593175943e-08
223.6,1.2722672855752489e-08
223.7,1.4171135342672163e-08
223.8,1.5779244075851718e-08
223.9,1.756399697016554e-08
224.0,1.9544135845422492e-08
224.1,2.1740318312552554e-08
224.2,2.4175305877204272e-08
224.3,2.6874169718913103e-08
224.4,2.98645157282666e-08
224.5,3.3176730518661276e-08
224.6,3.6844250274167256e-08
224.7,4.09038544514045e-08
224.8,4.539598652205844e-08
224.9,5.036510412465151e-08
225.0,5.5860061190390436e-08
225.1,6.193452481932499e-08
225.2,6.86474299108313e-08
225.3,7.60634747977688e-08
225.4,8.425366139759843e-08
225.5,9.329588367802907e-08
225.6,1.0327556854024796e-07
225.7,1.1428637355150958e-07
225.8,1.2643094631205413e-07
225.9,1.3982175062082283e-07
226.0,1.545819650122208e-07
226.1,1.7084645967354513e-07
226.2,1.8876285822271434e-07
226.3,2.0849269132962446e-07
226.4,2.3021264970502003e-07
226.5,2.5411594456004046e-07
226.6,2.8041378426048907e-07
226.7,3.093369765650248e-07
226.8,3.41137666548465e-07
226.9,3.76091221074081e-07
227.0,4.144982714942557e-07
227.1,4.566869271315383e-07
227.2,5.030151730250544e-07
227.3,5.538734664247038e-07
227.4,6.096875475806126e-07
227.5,6.709214815135998e-07
227.6,7.380809486674366e-07
227.7,8.117168036398366e-07
227.8,8.924289225729905e-07
227.9,9.808703612596384e-07
228.0,1.0777518475928828e-06
228.1,1.1838466336649247e-06
228.2,1.2999957346039438e-06
228.3,1.4271135831410457e-06
228.4,1.56619413092134e-06
228.5,1.7183174297284913e-06
228.6,1.8846567280804885e-06
228.7,2.0664861210922186e-06
228.8,2.2651887940869536e-06
228.9,2.4822659031902843e-06
229.0,2.7193461390630312e-06
229.1,2.978196023025931e-06
229.2,3.2607309881278217e-06
229.3,3.5690273011935164e-06
229.4,3.905334885597525e-06
229.5,4.272091108431078e-06
229.6,4.671935599893134e-06
229.7,5.107726177139918e-06
229.8,5.582555949501466e-06
229.9,6.099771686902752e-06
230.0,6.6629935385668375e-06
230.1,7.276136194593553e-06
230.2,7.943431588866325e-06
230.3,8.669453247905832e-06
230.4,9.459142396826513e-06
230.5,1.0317835940446648e-05
230.6,1.1251296444869416e-05
230.7,1.2265744252552554e-05
230.8,1.3367891871975038e-05
230.9,1.4564980791557296e-05
231.0,1.5864820876504448e-05
231.1,1.7275832516727834e-05
231.2,1.8807091704009977e-05
231.3,2.0468378227089064e-05
231.4,2.2270227184437626e-05
231.5,2.4223984026165796e-05
231.6,2.6341863348728853e-05
231.7,2.8637011679019375e-05
231.8,3.112357449798541e-05
231.9,3.3816767768120906e-05
232.0,3.673295424413656e-05
232.1,3.988972486181698e-05
232.2,4.33059855164971e-05
232.3,4.7002049559903295e-05
232.4,5.099973636215848e-05
232.5,5.53224763047665e-05
232.6,5.999542259024679e-05
232.7,6.504557027488562e-05
232.8,7.050188295291759e-05
232.9,7.639542754317335e-05
233.0,8.275951765317839e-05
233.1,8.962986602050516e-05
233.2,9.704474655734238e-05
233.3,0.000105045166551446
233.4,0.00011367504960500973
233.5,0.00012298142992277968
233.6,0.00013301465859162068
233.7,0.00014382862252606583
233.8,0.0001554809767881364
233.9,0.0001680333910246421
234.0,0.0001815518108019479
234.1,0.00019610673465615767
234.2,0.00021177350771619212
234.3,0.0002286326327987169
234.4,0.0002467700999165526
234.5,0.0002662777351868661
234.6,0.00028725357017163116
234.7,0.0003098022327312356
234.8,0.00033403536052170943
234.9,0.0003600720383180473
235.0,0.0003880392604000243
235.1,0.00041807241929220205
235.2,0.00045031582220803203
235.3,0.0004849232366075811
235.4,0.0005220584663402488
235.5,0.0005618959599084469
235.6,0.0006046214524537231
235.7,0.0006504326431363456
235.8,0.0006995399096494039
235.9,0.0007521670616822914
236.0,0.0008085521352237509
236.1,0.0008689482296726741
236.2,0.0009336243898055388
236.3,0.0010028665347318869
236.4,0.0010769784360556
236.5,0.0011562827475466227
236.6,0.0012411220887195433
236.7,0.0013318601848079648
236.8,0.0014288830657199743
236.9,0.0015326003266580763
237.0,0.0016434464531895026
237.1,0.0017618822136546333
237.2,0.0018883961219102738
237.3,0.002023505973512346
237.4,0.0021677604585558586
237.5,0.0023217408545035574
237.6,0.0024860628024543753
237.7,0.002661378170420626
237.8,0.0028483770073083306
237.9,0.003047789591419422
238.0,0.0032603885774234844
238.1,0.00348699124587784
238.2,0.0037284618595091004
238.3,0.003985714130603546
238.4,0.004259713803996401
238.5,0.004551481360286807
238.6,0.004862094844053275
238.7,0.005192692821987197
238.8,0.00554447747601339
238.9,0.005918717836614346
239.0,0.0063167531617307265
239.1,0.006739996466762096
239.2,0.0071899382113528145
239.3,0.0076681501487996335
239.4,0.008176289344089229
239.5,0.00871610236672063
239.6,0.009289429664645252
239.7,0.00989821012581164
239.8,0.010544485833972288
239.9,0.011230407025573309
240.0,0.011958237254721936
240.1,0.012730358773381852
240.2,0.013549278134130243
240.3,0.014417632022963986
240.4,0.015338193329821809
240.5,0.01631387746465201
240.6,0.017347748927021248
240.7,0.01844302813743018
240.8,0.019603098538666548
240.9,0.020831513975688134
241.0,0.022132006362693003
241.1,0.023508493646192598
241.2,0.024965088073062355
241.3,0.026506104772701426
241.4,0.028136070662585243
241.5,0.02985973368664031
241.6,0.0316820723960239
241.7,0.03360830588202184
241.8,0.03564390407092467
241.9,0.037794598390876295
242.0,0.04006639282079591
242.1,0.04246557533163045
242.2,0.04499872973026763
242.3,0.04767274791659098
242.4,0.05049484256422472
242.5,0.053472560235629504
242.6,0.05661379494229701
242.7,0.05992680216084349
242.8,0.06342021331592411
242.9,0.06710305074087226
243.0,0.07098474312709843
243.1,0.0750751414732684
243.2,0.07938453554529817
243.3,0.0839236708582928
243.4,0.08870376619146311
243.5,0.09373653164712156
243.6,0.09903418726477868
243.7,0.10460948220138383
243.8,0.11047571448863841
243.9,0.11664675137830507
244.0,0.12313705028629972
244.1,0.12996168034630137
244.2,0.13713634458345794
244.3,0.14467740271868823
244.4,0.15260189461384707
244.5,0.16092756436797576
244.6,0.16967288507450534
244.7,0.1788570842492324
244.8,0.18850016993860289
244.9,0.1986229575175044
245.0,0.20924709718564083
245.1,0.22039510217118707
245.2,0.2320903776500916
245.3,0.24435725038914802
245.4,0.2572209991204485
245.5,0.2707078856546238
245.6,0.284845186739716
245.7,0.2996612266721729
245.8,0.3151854106659613
245.9,0.3314482589853092
246.0,0.34848144184612106
246.1,0.36631781509056666
246.2,0.3849914566385594
246.3,0.404537703719718
246.4,0.4249931908882232
246.5,0.4463958888227925
246.6,0.4687851439130803
246.7,0.49220171863302575
246.8,0.5166878327013539
246.9,0.5422872050279398
247.0,0.5690450964449155
247.1,0.5970083532195793
247.2,0.6262254513460462
247.3,0.6567465416114524
247.4,0.6886234954313117
247.5,0.7219099514484274
247.6,0.7566613628878471
247.7,0.7929350456602364
247.8,0.8307902272043648
247.9,0.8702880960586281
248.0,0.9114918521506572
248.1,0.9544667577922616
248.2,0.9992801893667087
248.3,1.0460016896935258
248.4,1.0947030210547841
248.5,1.1454582188665001
248.6,1.1983436459761962
248.7,1.2534380475673055
248.8,1.3108226066499347
248.9,1.3705810001151704
249.0,1.4327994553302423
249.1,1.4975668072488688
249.2,1.5649745560113
249.3,1.635116925005922
249.4,1.7080909193633615
249.5,1.7839963848533942
249.6,1.8629360671513835
249.7,1.9450156714423301
249.8,2.0303439223261455
249.9,2.1190326239892188
250.0,2.2111967206035015
250.1,2.306954356913764
250.2,2.40642693897259
250.3,2.5097391949803427
250.4,2.6170192361860245
250.5,2.728398617804135
250.6,2.8440123998995994
250.7,2.963999208193178
250.8,3.0885012947366106
250.9,3.2176645984058942
251.0,3.3516388051604937
251.1,3.490577408012288
251.2,3.6346377666499468
251.3,3.7839811666593106
251.4,3.938772878282265
251.5,4.099182214653348
251.6,4.265382589450397
251.7,4.437551573898995
251.8,4.615870953063382
251.9,4.800526781358716
252.0,4.9917094372179465
252.1,5.189613676843285
252.2,5.394438686974163
252.3,5.606388136597895
252.4,5.825670227534071
252.5,6.052497743816791
252.6,6.287088099800464
252.7,6.529663386915409
252.8,6.780450418994053
252.9,7.039680776092535
253.0,7.307590846729017
253.1,7.584421868457117
253.2,7.8704199666988055
253.3,8.165836191751959
253.4,8.470926553893598
253.5,8.785952056497509
253.6,9.111178727081738
253.7,9.44687764620469
253.8,9.793324974127971
253.9,10.150801975158386
254.0,10.519595039592335
254.1,10.899995703171008
254.2,11.292300663970519
254.3,11.696811796637157
254.4,12.113836163888486
254.5,12.543686025195816
254.6,12.986678842563792
254.7,13.443137283328042
254.8,13.913389219885843
254.9,14.3977677262805
255.0,14.896611071558874
255.1,15.410262709821987
255.2,15.939071266890021
255.3,16.483390523505637
255.4,17.043579394994676
255.5,17.620001907318972
255.6,18.213027169432824
255.7,18.82302934188613
255.8,19.450387601592034
255.9,20.095486102695535
256.0,20.75871393347622
256.1,21.440465069217147
256.2,22.141138320976683
256.3,22.861137280207956
256.4,23.600870259156984
256.5,24.360750226994075
256.6,25.141194741615042
256.7,25.942625877067762
256.8,26.765470146554115
256.9,27.61015842095417
257.0,28.47712584284441
257.1,29.366811735952933
257.2,30.279659510029745
257.3,31.216116561090843
257.4,32.17663416700333
257.5,33.16166737839747
257.6,34.17167490486363
257.7,35.20711899643355
257.8,36.268465320319336
257.9,37.356182832896614
258.0,38.470743646933634
258.1,39.61262289405153
258.2,40.78229858242318
258.3,41.98025144971357
258.4,43.20696481126373
258.5,44.46292440354344
258.6,45.7486182228749
258.7,47.06453635946196
258.8,48.411170826747096
258.9,49.78901538611817
259.0,51.19856536701643
259.1,52.64031748246988
259.2,54.114769640107525
259.3,55.62242074870398
259.4,57.16377052029454
259.5,58.739319267943365
259.6,60.34956769920589
259.7,61.99501670536861
259.8,63.67616714654109
259.9,65.39351963265815
260.0,67.14757430051334
260.1,68.93883058686961
260.2,70.76778699777208
260.3,72.63494087415408
260.4,74.54078815382192
260.5,76.48582312995809
260.6,78.4705382062205
260.7,80.49542364858887
260.8,82.56096733405681
260.9,84.66765449630273
261.0,86.81596746848399
261.1,89.00638542326418
261.2,91.23938411024713
261.3,93.51543559093795
261.4,95.83500797138306
261.5,98.19856513266875
261.6,100.60656645938924
261.7,103.05946656629845
261.8,105.557715023281
261.9,108.10175607880592
262.0,110.69202838207302
262.1,113.32896470398474
262.2,116.01299165716135
262.3,118.74452941516951
262.4,121.5239914311337
262.5,124.35178415597098
262.6,127.22830675637864
262.7,130.15395083282516
262.8,133.12910013772682
262.9,136.15413029398215
263.0,139.22940851412983
263.1,142.35529332027065
263.2,145.53213426501168
263.3,148.76027165361916
263.4,152.0400362675883
263.5,155.3717490898687
263.6,158.755721031921
263.7,162.19225266285818
263.8,165.68163394087338
263.9,169.22414394714988
264.0,172.82005062251508
264.1,176.46961050701373
264.2,180.17306848263885
264.3,183.93065751944883
264.4,187.74259842524987
264.5,191.60909959910725
264.6,195.53035678885556
264.7,199.5065528528607
264.8,203.53785752623372
264.9,207.6244271916783
265.0,211.7664046552448
265.1,215.96391892713098
265.2,220.21708500778334
265.3,224.52600367948511
265.4,228.89076130362025
265.5,233.31142962384217
265.6,237.7880655752939
265.7,242.32071110012842
265.8,246.90939296948224
265.9,251.55412261206715
266.0,256.2548959496249
266.1,261.0116932393443
266.2,265.82447892347955
266.3,270.6932014862888
266.4,275.6177933184756
266.5,280.5981705892998
266.6,285.63423312647717
266.7,290.7258643040525
266.8,295.8729309383797
266.9,301.07528319230113
267.0,306.33275448772935
267.1,311.6451614266855
267.2,317.012303720956
267.3,322.4339641304752
267.4,327.90990841049506
267.5,333.4398852677118
267.6,339.0236263253639
267.7,344.66084609744485
267.8,350.3512419720874
267.9,356.0944942041637
268.0,361.8902659172164
268.1,367.73820311470956
268.2,373.63793470071465
268.3,379.58907251003455
268.4,385.59121134777183
268.5,391.6439290384457
268.6,397.7467864845692
268.7,403.8993277347943
268.8,410.10108006157014
268.9,416.35155404829004
269.0,422.6502436859921
269.1,428.9966264794746
269.2,435.39016356291455
269.3,441.830299824865
269.4,448.3164640425985
269.5,454.8480690257888
269.6,461.42451176939574
269.7,468.04517361573403
269.8,474.70942042564235
269.9,481.41660275860954
270.0,488.16605606186016
270.1,494.9571008681841
270.2,501.7890430024885
270.3,508.6611737969306
270.4,515.5727703144346
270.5,522.5230955806027
270.6,529.5113988237096
270.7,536.5369157227682
270.8,543.598868663461
270.9,550.6964670017189
271.0,557.8289073349061
271.1,564.9953737802867
271.2,572.1950382607098
271.3,579.4270607972742
271.4,586.6905898087399
271.5,593.9847624175882
271.6,601.3087047623858
271.7,608.6615323163644
271.8,616.0423502119535
271.9,623.4502535709768
272.0,630.8843278404013
272.1,638.3436491333096
272.2,645.8272845748986
272.3,653.3342926532808
272.4,660.8637235747659
272.5,668.4146196234735
272.6,675.9860155249272
272.7,683.5769388134377
272.8,691.1864102029969
272.9,698.8134439613774
273.0,706.4570482872541
273.1,714.1162256899768
273.2,721.7899733718052
273.3,729.4772836123132
273.4,737.1771441546267
273.5,744.8885385933263
273.6,752.61044676362
273.7,760.3418451316082
273.8,768.0817071853115
273.9,775.8290038261441
274.0,783.582703760675
274.1,791.3417738922374
274.2,799.1051797122436
274.3,806.871885690872
274.4,814.6408556667961
274.5,822.4110532358198
274.6,830.1814421379701
274.7,837.9509866429194
274.8,845.7186519334118
274.9,853.4834044863782
275.0,861.244212451575
275.1,869.0000460273905
275.2,876.7498778336143
275.3,884.4926832809188
275.4,892.2274409367276
275.5,899.9531328873416
275.6,907.6687450959424
275.7,915.3732677563563
275.8,923.0656956422783
275.9,930.7450284516907
276.0,938.4102711463767
276.1,946.0604342861421
276.2,953.6945343576755
276.3,961.3115940977552
276.4,968.9106428106098
276.5,976.4907166792722
276.6,984.0508590706662
276.7,991.5901208343256
276.8,999.1075605945055
276.9,1006.6022450355002
277.0,1014.0732491800944
277.1,1021.5196566608583
277.2,1028.940559984243
277.3,1036.335060787294
277.4,1043.702270086808
277.5,1051.0413085208675
277.6,1058.3513065825775
277.7,1065.6314048459224
277.8,1072.8807541836286
277.9,1080.0985159768948
278.0,1087.2838623169878
278.1,1094.4359761984933
278.2,1101.5540517042525
278.3,1108.6372941818918
278.4,1115.6849204118175
278.5,1122.6961587667286
278.6,1129.6702493624994
278.7,1136.6064442004752
278.8,1143.504007301122
278.9,1150.3622148289746
279.0,1157.1803552089464
279.1,1163.9577292339054
279.2,1170.6936501635926
279.3,1177.3874438148819
279.4,1184.0384486433195
279.5,1190.6460158161074
279.6,1197.2095092764212
279.7,1203.728305799209
279.8,1210.2017950384918
279.9,1216.6293795661416
280.0,1223.0104749023537
280.1,1229.344509537727
280.2,1235.6309249471344
280.3,1241.8691755954349
280.4,1248.0587289350713
280.5,1254.1990653957532
280.6,1260.2896783662168
280.7,1266.3300741682535
280.8,1272.319772023092
280.9,1278.2583040102284
281.0,1284.1452150189054
281.1,1289.9800626922859
281.2,1295.7624173645388
281.3,1301.4918619909347
281.4,1307.167992071093
281.5,1312.7904155656008
281.6,1318.3587528060643
281.7,1323.8726363988499
281.8,1329.331711122634
281.9,1334.7356338199204
282.0,1340.0840732827703
282.1,1345.3767101328274
282.2,1350.613236695908
282.3,1355.7933568713197
282.4,1360.9167859960316
282.5,1365.983250704031
282.6,1370.99248878089
282.7,1375.944249013896
282.8,1380.8382910378518
282.9,1385.6743851767574
283.0,1390.4523122816468
283.1,1395.1718635646685
283.2,1399.83284042974
283.3,1404.4350542999
283.4,1408.9783264416003
283.5,1413.4624877861477
283.6,1417.887378748492
283.7,1422.2528490435955
283.8,1426.558757500576
283.9,1430.8049718748205
284.0,1434.9913686583375
284.1,1439.117832888473
284.2,1443.1842579552742
284.3,1447.1905454076846
284.4,1451.1366047587344
284.5,1455.0223532900252
284.6,1458.8477158555997
284.7,1462.6126246855013
284.8,1466.3170191891577
284.9,1469.9608457588074
285.0,1473.5440575731707
285.1,1477.0666144015497
285.2,1480.5284824085456
285.3,1483.9296339596046
285.4,1487.270047427524
285.5,1490.5497070001722
285.6,1493.7686024895308
285.7,1496.9267291422816
285.8,1500.0240874520998
285.9,1503.0606829737817
286.0,1506.0365261394452
286.1,1508.9516320768817
286.2,1511.8060204302735
286.3,1514.5997151834015
286.4,1517.332744485489
286.5,1520.0051404798362
286.6,1522.6169391353687
286.7,1525.16818008124
286.8,1527.658906444629
286.9,1530.08916469182
287.0,1532.4590044727233
287.1,1534.7684784689227
287.2,1537.0176422453692
287.3,1539.206554105832
287.4,1541.335274952173
287.5,1543.4038681475838
287.6,1545.412399383833
287.7,1547.3609365526231
287.8,1549.2495496211427
287.9,1551.0783105118574
288.0,1552.8472929866437
288.1,1554.5565725352853
288.2,1556.206226268426
288.3,1557.7963328150065
288.4,1559.3269722242242
288.5,1560.7982258720854
288.6,1562.21017637255
288.7,1563.5629074933192
288.8,1564.8565040762844
288.9,1566.0910519626477
289.0,1567.2666379227433
289.1,1568.3833495905494
289.2,1569.4412754029063
289.3,1570.440504543441
289.4,1571.3811268911686
289.5,1572.2632329737953
289.6,1573.086913925664
289.7,1573.852261450361
289.8,1574.5593677879256
289.9,1575.2083256866488
290.0,1575.7992283794224
290.1,1576.332169564593
290.2,1576.8072433912823
290.3,1577.224544449125
290.4,1577.5841677623634
290.5,1577.886208788251
290.6,1578.1307634197026
290.7,1578.3179279921176
290.8,1578.4477992943189
290.9,1578.520474583528
291.0,1578.5360516043042
291.1,1578.4946286113632
291.2,1578.3963043962008
291.3,1578.241178317428
291.4,1578.0293503347332
291.5,1577.760921046381
291.6,1577.4359917301456
291.7,1577.0546643875898
291.8,1576.6170417915891
291.9,1576.1232275369873
292.0,1575.5733260943023
292.1,1574.9674428663457
292.2,1574.3056842476758
292.3,1573.5881576867516
292.4,1572.8149717506933
292.5,1571.986236192517
292.6,1571.102062020749
292.7,1570.162561571279
292.8,1569.1678485813616
292.9,1568.1180382656205
293.0,1567.013247393953
293.1,1565.8535943712093
293.2,1564.6391993185214
293.3,1563.3701841561624
293.4,1562.0466726878167
293.5,1560.668790686127
293.6,1559.2366659794172
293.7,1557.7504285394396
293.8,1556.2102105700421
293.9,1554.6161465966331
294.0,1552.9683735563078
294.1,1551.2670308885336
294.2,1549.5122606262512
294.3,1547.7042074872795
294.4,1545.8430189659248
294.5,1543.928845424626
294.6,1541.9618401855741
294.7,1539.9421596221484
294.8,1537.869963250062
294.9,1535.7454138181242
295.0,1533.568677398466
295.1,1531.3399234761584
295.2,1529.059325038086
295.3,1526.727058660966
295.4,1524.3433045984393
295.5,1521.908246867074
295.6,1519.4220733312313
295.7,1516.884975786661
295.8,1514.2971500427243
295.9,1511.6587960031854
296.0,1508.970117745416
296.1,1506.2313235979852
296.2,1503.4426262164911
296.3,1500.604242657574
296.4,1497.716394451031
296.5,1494.7793076699131
296.6,1491.7932129985847
296.7,1488.7583457985938
296.8,1485.6749461723427
296.9,1482.5432590244575
297.0,1479.3635341207637
297.1,1476.1360261448733
297.2,1472.860994752224
297.3,1469.5387046215826
297.4,1466.1694255039306
297.5,1462.7534322686593
297.6,1459.2910049470477
297.7,1455.7824287729657
297.8,1452.227994220727
297.9,1448.6279970401108
298.0,1444.9827382884307
298.1,1441.2925243596937
298.2,1437.5576670107428
298.3,1433.7784833843934
298.4,1429.9552960295355
298.5,1426.088432918135
298.6,1422.1782274591644
298.7,1418.2250185094024
298.8,1414.229150381086
298.9,1410.1909728464402
299.0,1406.1108411390092
299.1,1401.9891159518481
299.2,1397.8261634325077
299.3,1393.622355174844
299.4,1389.378068207649
299.5,1385.093684980089
299.6,1380.7695933439659
299.7,1376.4061865328147
299.8,1372.0038631378072
299.9,1367.563027080556
300.0,1363.0840875827196
300.1,1358.5674591325453
300.2,1354.0135614482722
300.3,1349.4228194384664
300.4,1344.7956631593106
300.5,1340.1325277688475
300.6,1335.433853478248
300.7,1330.7000855000867
300.8,1325.9316739936876
300.9,1321.129074007584
301.0,1316.2927454190938
301.1,1311.4231528710839
301.2,1306.5207657059484
301.3,1301.5860578968377
301.4,1296.6195079762101
301.5,1291.6215989617072
301.6,1286.5928182794564
301.7,1281.5336576848076
301.8,1276.4446131805548
301.9,1271.32618493275
302.0,1266.1788771840722
302.1,1261.0031981649106
302.2,1255.799660002134
302.3,1250.5687786256326
302.4,1245.3110736727324
302.5,1240.027068390469
302.6,1234.7172895358465
302.7,1229.3822672741055
302.8,1224.0225350750675
302.9,1218.6386296076653
303.0,1213.231090632634
303.1,1207.800460893538
303.2,1202.347286006106
303.3,1196.8721143459943
303.4,1191.3754969350523
303.5,1185.8579873260862
303.6,1180.3201414863163
303.7,1174.7625176794627
303.8,1169.1856763466094
303.9,1163.5901799859212
304.0,1157.9765930312185
304.1,1152.3454817295546
304.2,1146.6974140178181
304.3,1141.0329593984352
304.4,1135.3526888142912
304.5,1129.6571745228466
304.6,1123.946989969633
304.7,1118.2227096610948
304.8,1112.4849090369062
304.9,1106.7341643418426
305.0,1100.9710524972065
305.1,1095.196150971972
305.2,1089.4100376536283
305.3,1083.6132907188417
305.4,1077.806488504013
305.5,1071.990209375726
305.6,1066.1650316012588
305.7,1060.3315332191405
305.8,1054.4902919098179
305.9,1048.6418848666024
306.0,1042.7868886667898
306.1,1036.9258791431914
306.2,1031.0594312560129
306.3,1025.1881189651733
306.4,1019.3125151031987
306.5,1013.4331912486144
306.6,1007.5507176000318
306.7,1001.6656628508945
306.8,995.7785940649613
306.9,989.8900765526357
307.0,984.0006737480848
307.1,978.1109470873498
307.2,972.2214558873562
307.3,966.3327572259598
307.4,960.4454058230743
307.5,954.5599539228833
307.6,948.6769511772493
307.7,942.7969445303046
307.8,936.9204781042959
307.9,931.048093086773
308.0,925.1803276190535
308.1,919.3177166861265
308.2,913.4607920079663
308.3,907.6100819322937
308.4,901.7661113288725
308.5,895.9294014853166
308.6,890.1004700045055
308.7,884.2798307035872
308.8,878.467993514613
308.9,872.6654643869122
309.0,866.8727451910894
309.1,861.0903336248203
309.2,855.3187231203968
309.3,849.558402754037
309.4,843.8098571570672
309.5,838.0735664288762
309.6,832.3500060518002
309.7,826.6396468078586
309.8,820.9429546973859
309.9,815.2603908596353
310.0,809.5924114952693
310.1,803.9394677908655
310.2,798.3020058453582
310.3,792.680466598483
310.4,787.0752857612486
310.5,781.4868937483755
310.6,775.915715612817
310.7,770.3621709822753
310.8,764.8266739977681
310.9,759.3096332542804
311.0,753.8114517434128
311.1,748.3325267981636
311.2,742.8732500397224
311.3,737.434007326349
311.4,732.0151787043428
311.5,726.6171383610515
311.6,721.2402545799856
311.7,715.8848896979753
311.8,710.551400064396
311.9,705.2401360024949
312.0,699.9514417727108
312.1,694.6856555381261
312.2,689.4431093319084
312.3,684.2241290268039
312.4,679.0290343066987
312.5,673.8581386401522
312.6,668.7117492559908
312.7,663.5901671208787
312.8,658.4936869188824
312.9,653.4225970330318
313.0,648.3771795288259
313.1,643.3577101397152
313.2,638.3644582545073
313.3,633.3976869066885
313.4,628.4576527656891
313.5,623.5446061299932
313.6,618.6587909221589
313.7,613.8004446856835
313.8,608.9697985836874
313.9,604.1670773994576
314.0,599.3924995387488
314.1,594.6462770338926
314.2,589.9286155496582
314.3,585.2397143908327
314.4,580.5797665115495
314.5,575.9489585262821
314.6,571.3474707225271
314.7,566.7754770751329
314.8,562.2331452622357
314.9,557.7206366828302
315.0,553.238106475881
315.1,548.785703541023
315.2,544.3635705607617
315.3,539.971844024187
315.4,535.6106542521688
315.5,531.2801254240009
315.6,526.9803756054722
315.7,522.7115167783408
315.8,518.4736548711725
315.9,514.2668897915465
316.0,510.0913154595523
316.1,505.94701984262093
316.2,501.83408499158685
316.3,497.75258707800197
316.4,493.70259643268565
316.5,489.68417758541165
316.6,485.69738930580934
316.7,481.74228464535645
316.8,477.8189109804828
316.9,473.9273100567696
317.0,470.0675180341696
317.1,466.2395655332721
317.2,462.443477682549
317.3,458.6792741665584
317.4,454.9469692751153
317.5,451.24657195333623
317.6,447.5780858526048
317.7,443.9415093823665
317.8,440.3368357627523
317.9,436.76405307803964
318.0,433.22314433083216
318.1,429.7140874970383
318.2,426.23685558155216
318.3,422.79141667460743
318.4,419.37773400884487
318.5,415.9957660169787
318.6,412.6454663901053
318.7,409.32678413659676
318.8,406.0396636415389
318.9,402.7840447267426
319.0,399.5598627112358
319.1,396.36704847226224
319.2,393.2055285067336
319.3,390.07522499311943
319.4,386.976055853766
319.5,383.90793481757225
319.6,380.8707714830686
319.7,377.86447138180625
319.8,374.88893604207703
319.9,371.94406305293137
320.0,369.0297461284552
320.1,366.14587517230405
320.2,363.2923363424666
320.3,360.4690121162103
320.4,357.67578135524246
320.5,354.9125193709954
320.6,352.1790979900781
320.7,349.47538561983185
320.8,346.80124731397524
320.9,344.15654483834965
321.0,341.5411367366884
321.1,338.95487839645074
321.2,336.3976221146547
321.3,333.86921716370466
321.4,331.36950985721853
321.5,328.89834361578085
321.6,326.4555590326707
321.7,324.04099393948735
321.8,321.65448347168723
321.9,319.2958601340217
322.0,316.9649538658179
322.1,314.6615921061471
322.2,312.3855998588006
322.3,310.13679975709556
322.4,307.91501212850227
322.5,305.7200550590282
322.6,303.5517444574095
322.7,301.4098941190406
322.8,299.2943157896485
322.9,297.20481922871835
323.0,295.14121227260017
323.1,293.103300897354
323.2,291.090889281264
323.3,289.1037798670231
323.4,287.14177342360614
323.5,285.20466910776327
323.6,283.2922645251782
323.7,281.4043557912357
323.8,279.5407375914118
323.9,277.7012032412702
324.0,275.8855447460411
324.1,274.09355285979996
324.2,272.3250171442016
324.3,270.57972602678
324.4,268.857466858812
324.5,267.1580259727086
324.6,265.4811887389461
324.7,263.82673962252625
324.8,262.1944622389406
324.9,260.5841394096576
325.0,258.9955532170924
325.1,257.42848505908387
325.2,255.88271570284633
325.3,254.35802533839663
325.4,252.85419363146045
325.5,251.37099977582946
325.6,249.9082225451866
325.7,248.46564034437276
325.8,247.0430312600979
325.9,245.64017311110052
326.0,244.2568434977243
326.1,242.89281985093743
326.2,241.54787948076486
326.3,240.22179962413992
326.4,238.9143574921734
326.5,237.6253303168254
326.6,236.35449539698863
326.7,235.1016301439677
326.8,233.8665121263541
326.9,232.64891911430533
327.0,231.44862912319746
327.1,230.2654204566859
327.2,229.09907174913508
327.3,227.9493620074335
327.4,226.81607065219836
327.5,225.69897755834438
327.6,224.59786309503886
327.7,223.51250816502562
327.8,222.44269424332228
327.9,221.38820341529166
328.0,220.34881841407642
328.1,219.32432265741087
328.2,218.31450028379732
328.3,217.3191361880442
328.4,216.33801605618373
328.5,215.37092639974298
328.6,214.4176545893933
328.7,213.47798888795623
328.8,212.551718482783
328.9,211.6386335175006
329.0,210.7385251231199
329.1,209.85118544852168
329.2,208.97640769030468
329.3,208.11398612200392
329.4,207.2637161226882
329.5,206.42539420491838
329.6,205.59881804209218
329.7,204.78378649515676
329.8,203.98009963869927
329.9,203.18755878642253
330.0,202.40596651599517
330.1,201.6351266932891
330.2,200.87484449600316
330.3,200.12492643667065
330.4,199.38518038506453
330.5,198.65541558998726
330.6,197.93544270046536
330.7,197.225073786337
330.8,196.52412235824048
330.9,195.8324033870154
331.0,195.14973332250105
331.1,194.47593011175687
331.2,193.8108132166896
331.3,193.15420363110218
331.4,192.5059238971659
331.5,191.86579812131345
331.6,191.2336519895681
331.7,190.6093127823005
331.8,189.99260938842454
331.9,189.3833723190373
332.0,188.78143372049888
332.1,188.1866273869682
332.2,187.59878877238984
332.3,187.01775500193818
332.4,186.44336488292814
332.5,185.87545891519053
332.6,185.3138793009212
332.7,184.7584699540078
332.8,184.20907650883527
332.9,183.66554632858305
333.0,183.1277285130071
333.1,182.59547390572698
333.2,182.06863510100715
333.3,181.54706645004742
333.4,181.0306240667888
333.5,180.5191658332297
333.6,180.0125514042722
333.7,179.51064221208958
333.8,179.01330147003156
333.9,178.520394176066
334.0,178.03178711576498
334.1,177.5473488648411
334.2,177.06694979123995
334.3,176.59046205678985
334.4,176.11775961842415
334.5,175.64871822896905
334.6,175.18321543751495
334.7,174.7211305893698
334.8,174.26234482559937
334.9,173.8067410821687
335.0,173.35420408867876
335.1,172.90462036671576
335.2,172.45787822780994
335.3,172.01386777101524
335.4,171.57248088011426
335.5,171.133611220453
335.6,170.69715423541535
335.7,170.26300714253884
335.8,169.8310689292794
335.9,169.40124034843453
336.0,168.97342391322368
336.1,168.54752389204148
336.2,168.12344630287967
336.3,167.70109890743214
336.4,167.2803912048865
336.5,166.86123442540458
336.6,166.4435415233057
336.7,166.02722716995078
336.8,165.6122077463398
336.9,165.1984013354252
337.0,164.78572771414807
337.1,164.37410834520435
337.2,163.9634663685466
337.3,163.55372659262642
337.4,163.1448154853863
337.5,162.7366611650025
337.6,162.3291933903932
337.7,161.92234355148696
337.8,161.5160446592676
337.9,161.11023133559618
338.0,160.70483980281756
338.1,160.29980787315827
338.2,159.89507493792084
338.3,159.49058195647976
338.4,159.0862714450893
338.5,158.68208746550224
338.6,158.27797561341364
338.7,157.8738830067283
338.8,157.46975827366245
338.9,157.06555154068414
339.0,156.66121442029777
339.1,156.25669999868035
339.2,155.85196282317264
339.3,155.4469588896331
339.4,155.04164562966162
339.5,154.63598189769277
339.6,154.22992795797396
339.7,153.8234454714249
339.8,153.41649748238842
339.9,153.00904840528088
340.0,152.60106401113993
340.1,152.1925114140845
340.2,151.78335905768526
340.3,151.373576701254
340.4,150.96313540605883
340.5,150.55200752146686
340.6,150.1401666710237
340.7,149.72758773847195
340.8,149.31424685371476
340.9,148.90012137873313
341.0,148.4851898934543
341.1,148.0694321815867
341.2,147.65282921641713
341.3,147.2353631465804
341.4,146.8170172818063
341.5,146.39777607864605
341.6,145.97762512618667
341.7,145.5565511317558
341.8,145.13454190662057
341.9,144.71158635169087
342.0,144.287674443224
342.1,143.8627972185425
342.2,143.43694676176423
342.3,143.0101161895525
342.4,142.58229963689126
342.5,142.15349224288485
342.6,141.7236901365955
342.7,141.29289042291205
342.8,140.86109116846325
342.9,140.42829138757682
343.0,139.99449102828484
343.1,139.55969095838662
343.2,139.12389295156675
343.3,138.68709967357478
343.4,138.2493146684736
343.5,137.81054234495232
343.6,137.37078796271777
343.7,136.9300576189601
343.8,136.48835823489844
343.9,136.0456975424148
344.0,135.60208407077255
344.1,135.1575271334271
344.2,134.71203681493463
344.3,134.2656239579543
344.4,133.81830015035726
344.5,133.3700777124378
344.6,132.9209696842338
344.7,132.4709898129588
344.8,132.02015254054896
344.9,131.56847299132738
345.0,131.1159669597888
345.1,130.66265089850887
345.2,130.20854190618036
345.3,129.75365771577526
345.4,129.29801668284472
345.5,128.84163777394775
345.6,128.384540555223
345.7,127.92674518109517
345.8,127.46827238312689
345.9,127.00914345901663
346.0,126.54938026173971
346.1,126.08900518884396
346.2,125.62804117189361
346.3,125.16651166606722
346.4,124.704440639916
346.5,124.24185256527467
346.6,123.77877240733729
346.7,123.31522561489352
346.8,122.85123811072765
346.9,122.38683628218756
347.0,121.922046971917
347.1,121.45689746876228
347.2,120.99141549884537
347.3,120.52562921681266
347.4,120.05956719725931
347.5,119.59325842632565
347.6,119.12673229347484
347.7,118.66001858344815
347.8,118.19314746839717
347.9,117.7261495002047
348.0,117.25905560297909
348.1,116.79189706574074
348.2,116.32470553528856
348.3,115.85751300925246
348.4,115.39035182933618
348.5,114.92325467474467
348.6,114.45625455580182
348.7,113.98938480775854
348.8,113.52267908478798
348.9,113.05617135417802
349.0,112.58989589070785
349.1,112.12388727122544
349.2,111.65818036941111
349.3,111.19281035073837
349.4,110.72781266763008
349.5,110.26322305480454
349.6,109.79907752482177
349.7,109.33541236382216
349.8,108.87226412746116
349.9,108.40966963704149
350.0,107.94766597583863
350.1,107.48629048562593
350.2,107.02558076339417
350.3,106.56557465826644
350.4,106.10631026861361
350.5,105.64782593936083
350.6,105.19016025949628
350.7,104.73335205977168
350.8,104.27744041060089
350.9,103.82246462015482
351.0,103.368464232651
351.1,102.91547902684015
351.2,102.46354901468695
351.3,102.01271444024492
351.4,101.56301577872814
351.5,101.1144937357744
351.6,100.66718924690439
351.7,100.22114347717194
351.8,99.77639782100755
351.9,99.33299390225461
352.0,98.89097357439618
352.1,98.45037892097221
352.2,98.01125225618858
352.3,97.57363612571237
352.4,97.13757330765985
352.5,96.70310681376743
352.6,96.27027989075461
352.7,95.8391360218696
352.8,95.40971892862086
352.9,94.98207257269439
353.0,94.55624115805239
353.1,94.1322691332167
353.2,93.7102011937325
353.3,93.29008228481013
353.4,92.87195760415261
353.5,92.45587260495324
353.6,92.04187299907775
353.7,91.63000476041802
353.8,91.22031412842162
353.9,90.8128476117963
354.0,90.40765199238498
354.1,90.00477432921444
354.2,89.60426196271163
354.3,89.20616251908837
354.4,88.81052391489706
354.5,88.41739436174771
354.6,88.02682237119278
354.7,87.63885675977409
354.8,87.25354665423045
354.9,86.87094149686942
355.0,86.49109105109225
355.1,86.11404540708207
355.2,85.73985498764502
355.3,85.36857055420397
355.4,85.00024321295113
355.5,84.63492442114467
355.6,84.27266599356155
355.7,83.913520109094
355.8,83.55753931749467
355.9,83.20477654626704
356.0,82.85528510769643
356.1,82.50911870602717
356.2,82.16633144477461
356.3,81.82697783417953
356.4,81.49111279879597
356.5,81.15879168521563
356.6,80.83007026992553
356.7,80.50500476729503
356.8,80.18365183769323
356.9,79.8660685957358
357.0,79.55231261865403
357.1,79.24244195479153
357.2,78.93651513222038
357.3,78.63459116747923
357.4,78.33672957442923
357.5,78.04299037322546
357.6,77.75343409940608
357.7,77.46812181309079
357.8,77.18711510829115
357.9,76.91047612233176
358.0,76.63826754537507
358.1,76.37055263005361
358.2,76.10739520120484
358.3,75.84885966570505
358.4,75.59501102240529
358.5,75.34591487216188
358.6,75.10163742796306
358.7,74.86224552514787
358.8,74.62780663171664
358.9,74.3983888587299
359.0,74.17406097079348
359.1,73.95489239662949
359.2,73.74095323972921
359.3,73.53231428908593
359.4,73.32904703000767
359.5,73.13122365500385
359.6,72.93891707474901
359.7,72.75220092911616
359.8,72.57114959828021
359.9,72.39583821389083
360.0,72.2263426703086
360.1,72.0627396359062
360.2,71.90510656442953
360.3,71.7535217064185
360.4,71.60806412068446
360.5,71.46881368584144
360.6,71.33585111189096
360.7,71.20925795185605
360.8,71.0891166134626
360.9,70.9755103708679
361.0,70.86852337643066
361.1,70.76824067252349
361.2,70.674748203383
361.3,70.58813282699757
361.4,70.5084823270282
361.5,70.43588542476162
361.6,70.37043179109365
361.7,70.31221205853849
361.8,70.26131783326393
361.9,70.2178417071491
362.0,70.18187726986172
362.1,70.15351912095416
362.2,70.13286288197443
362.3,70.12000520859043
362.4,70.11504380272517
362.5,70.1180774247003
362.6,70.12920590538558
362.7,70.1485301583519
362.8,70.17615219202607
362.9,70.2121751218434
363.0,70.2567031823977
363.1,70.3098417395844
363.2,70.37169730273583
363.3,70.44237753674521
363.4,70.52199127417681
363.5,70.61064852736189
363.6,70.70846050047403
363.7,70.81553960158564
363.8,70.93199945470029
363.9,71.05795491175925
364.0,71.19352206462042
364.1,71.33881825700585
364.2,71.49396209641635
364.3,71.65907346601034
364.4,71.83427353644439
364.5,72.0196847776733
364.6,72.21543097070575
364.7,72.42163721931593
364.8,72.63842996170514
364.9,72.86593698211263
365.0,73.10428742237455
365.1,73.35361179342424
365.2,73.61404198673614
365.3,73.88571128570737
365.4,74.1687543769756
365.5,74.4633073616711
365.6,74.76950776659899
365.7,75.08749455535046
365.8,75.4174081393404
365.9,75.75939038876629
366.0,76.11358464349095
366.1,76.48013572383942
366.2,76.85918994131474
366.3,77.25089510922467
366.4,77.65540055321785
366.5,78.07285712173102
366.6,78.50341719633587
366.7,78.94723470199223
366.8,79.40446511720044
366.9,79.87526548404826
367.0,80.35979441815488
367.1,80.8582121185044
367.2,81.37068037716989
367.3,81.89736258892435
367.4,82.43842376073141
367.5,82.9940305211234
367.6,83.56435112945167
367.7,84.14955548501602
367.8,84.74981513606889
367.9,85.36530328868278
368.0,85.99619481549519
368.1,86.6426662643102
368.2,87.30489586656624
368.3,87.98306354566667
368.4,88.67735092515795
368.5,89.38794133677456
368.6,90.11501982832327
368.7,90.85877317142766
368.8,91.61938986911098
368.9,92.39706016322617
369.0,93.1919760417274
369.1,94.00433124577756
369.2,94.83432127669326
369.3,95.68214340272499
369.4,96.5479966656617
369.5,97.43208188727115
369.6,98.33460167555768
369.7,99.25576043084662
369.8,100.19576435169063
369.9,101.15482144058842
370.0,102.1331415095207
370.1,103.13093618529949
370.2,104.14841891472125
370.3,105.18580496953696
370.4,106.24331145121485
370.5,107.32115729551477
370.6,108.41956327685105
370.7,109.53875201246481
370.8,110.67894796637825
370.9,111.84037745314639
371.0,113.02326864139859
371.1,114.22785155716211
371.2,115.45435808696834
371.3,116.70302198075264
371.4,117.97407885451173
371.5,119.26776619276052
371.6,120.58432335074161
371.7,121.92399155642049
371.8,123.28701391224556
371.9,124.67363539667002
372.0,126.08410286544498
372.1,127.51866505266814
372.2,128.97757257158918
372.3,130.46107791518986
372.4,131.96943545648637
372.5,133.50290144861876
372.6,135.06173402466175
372.7,136.6461931971999
372.8,138.2565408576424
372.9,139.8930407752759
373.0,141.5559585960674
373.1,143.24556184119567
373.2,144.96211990532512
373.3,146.7059040546111
373.4,148.47718742443334
373.5,150.27624501687143
373.6,152.10335369788348
373.7,153.95879219423563
373.8,155.84284109014249
373.9,157.75578282362156
374.0,159.69790168258356
374.1,161.66948380062132
374.2,163.67081715252826
374.3,165.70219154952346
374.4,167.76389863417862
374.5,169.8562318750758
374.6,171.979486561149
374.7,174.1339597957414
374.8,176.31995049037445
374.9,178.5377593581959
375.0,180.78768890715133
375.1,183.0700434328335
375.2,185.38512901104218
375.3,187.73325349003656
375.4,190.11472648246541
375.5,192.52985935701312
375.6,194.9789652297122
375.7,197.46235895495536
375.8,199.9803571161921
375.9,202.5332780163092
376.0,205.12144166770173
376.1,207.74516978200273
376.2,210.40478575952585
376.3,213.10061467836422
376.4,215.8329832831713
376.5,218.60221997362686
376.6,221.40865479256448
376.7,224.25261941378452
376.8,227.13444712953944
376.9,230.05447283767646
377.0,233.01303302847165
377.1,236.0104657711161
377.2,239.0471106998766
377.3,242.12330899993677
377.4,245.2394033928727
377.5,248.39573812182923
377.6,251.59265893633955
377.7,254.83051307681316
377.8,258.1096492586917
377.9,261.4304176562627
378.0,264.79316988613687
378.1,268.1982589903795
378.2,271.64603941931557
378.3,275.1368670139894
378.4,278.67109898826885
378.5,282.2490939106398
378.6,285.8712116856269
378.7,289.5378135348851
378.8,293.249261977965
378.9,297.005920812707
379.0,300.8081550953121
379.1,304.65633112006344
379.2,308.55081639870446
379.3,312.4919796394804
379.4,316.48019072583065
379.5,320.5158206947321
379.6,324.5992417147181
379.7,328.7308270635316
379.8,332.9109511054567
379.9,337.1399892682958
380.0,341.4183180200098
380.1,345.7463148450013
380.2,350.1243582200865
380.3,354.5528275901022
380.4,359.03210334317214
380.5,363.5625667856572
380.6,368.14460011673145
380.7,372.7785864026483
380.8,377.46490955066133
380.9,382.20395428258706
381.0,386.99610610808344
381.1,391.84175129752185
381.2,396.74127685458
381.3,401.6950704884995
381.4,406.70352058595904
381.5,411.76701618268265
381.6,416.8859469346776
381.7,422.0607030891425
381.8,427.2916754550893
381.9,432.5792553735756
382.0,437.92383468766616
382.1,443.3258057120454
382.2,448.78556120230377
382.3,454.30349432393456
382.4,459.87999862097104
382.5,465.5154679843479
382.6,471.21029661989127
382.7,476.96487901607134
382.8,482.7796099113847
382.9,488.65488426143236
383.0,494.5910972057359
383.1,500.5886440341806
383.2,506.6479201532109
383.3,512.7693210517075
383.4,518.9532422665416
383.5,525.2000793478865
383.6,531.5102278241612
383.7,537.8840831667509
383.8,544.322040754405
383.9,550.8244958373485
384.0,557.3918435011118
384.1,564.0244786300835
384.2,570.7227958707817
384.3,577.4871895948521
384.4,584.3180538617821
384.5,591.2157823813551
384.6,598.1807684758347
384.7,605.2134050418766
384.8,612.3140845122084
384.9,619.4831988169798
385.0,626.7211393449722
385.1,634.0282969044358
385.2,641.4050616837433
385.3,648.8518232118269
385.4,656.3689703182642
385.5,663.956891093263
385.6,671.6159728472954
385.7,679.3466020705723
385.8,687.1491643922571
385.9,695.0240445394638
386.0,702.9716262960452
386.1,710.992292461135
386.2,719.0864248075028
386.3,727.2544040397172
386.4,735.4966097520347
386.5,743.8134203861747
386.6,752.2052131888446
386.7,760.6723641690593
386.8,769.2152480553334
386.9,777.8342382526273
387.0,786.5297067991486
387.1,795.3020243229705
387.2,804.1515599984438
387.3,813.0786815025366
387.4,822.0837549708773
387.5,831.1671449537648
387.6,840.3292143719432
387.7,849.5703244722619
387.8,858.8908347831874
387.9,868.2911030701758
388.0,877.7714852909058
388.1,887.3323355503803
388.2,896.9740060559061
388.3,906.6968470719827
388.4,916.5012068749937
388.5,926.38743170791
388.6,936.3558657347551
388.7,946.406850995081
388.8,956.5407273582828
388.9,966.7578324778503
389.0,977.0585017455475
389.1,987.4430682454379
389.2,997.9118627079656
389.3,1008.4652134638451
389.4,1019.1034463979577
389.5,1029.8268849031765
389.6,1040.6358498340871
389.7,1051.5306594607719
389.8,1062.5116294224438
389.9,1073.5790726810956
390.0,1084.7332994751296
390.1,1095.974617272909
390.2,1107.3033307263468
390.3,1118.7197416244821
390.4,1130.2241488469638
390.5,1141.8168483176678
390.6,1153.4981329581735
390.7,1165.268292641381
390.8,1177.1276141450571
390.9,1189.076381105405
391.0,1201.1148739707437
391.1,1213.2433699551216
391.2,1225.4621429919819
391.3,1237.7714636879905
391.4,1250.1715992767172
391.5,1262.6628135725587
391.6,1275.2453669246268
391.7,1287.9195161706878
391.8,1300.6855145912882
391.9,1313.5436118637956
392.0,1326.4940540167122
392.1,1339.5370833839063
392.2,1352.6729385590877
392.3,1365.9018543502987
392.4,1379.2240617345137
392.5,1392.6397878124656
392.6,1406.1492557634226
392.7,1419.7526848002626
392.8,1433.4502901245767
392.9,1447.2422828819526
393.0,1461.1288701174053
393.1,1475.1102547309774
393.2,1489.1866354334265
393.3,1503.358206702241
393.4,1517.625158737593
393.5,1531.9876774187444
393.6,1546.4459442603809
393.7,1561.0001363693102
393.8,1575.6504264013145
393.9,1590.3969825181607
394.0,1605.2399683449034
394.1,1620.1795429272988
394.2,1635.2158606895696
394.3,1650.349071392294
394.4,1665.579320090574
394.5,1680.906747092463
394.6,1696.331487917584
394.7,1711.8536732560701
394.8,1727.47342892773
394.9,1743.1908758414645
395.0,1759.0061299550116
395.1,1774.9193022348923
395.2,1790.9304986166917
395.3,1807.0398199656895
395.4,1823.2473620376186
395.5,1839.5532154399207
395.6,1855.9574655931824
395.7,1872.4601926928938
395.8,1889.0614716716464
395.9,1905.7613721614987
396.0,1922.559958456781
396.1,1939.4572894772227
396.2,1956.4534187313611
396.3,1973.5483942804149
396.4,1990.742258702416
396.5,2008.0350490567562
396.6,2025.4267968490644
396.7,2042.9175279965054
396.8,2060.5072627934255
396.9,2078.19601587739
397.0,2095.983796195666
397.1,2113.8706069719424
397.2,2131.8564456736544
397.3,2149.9413039796427
397.4,2168.125167748128
397.5,2186.408016985255
397.6,2204.7898258139585
397.7,2223.27056244332
397.8,2241.8501891383557
397.9,2260.52866219012
398.0,2279.305931886537
398.1,2298.18194248337
398.2,2317.1566321758123
398.3,2336.2299330706123
398.4,2355.4017711584142
398.5,2374.672066286882
398.6,2394.0407321340335
398.7,2413.507676182225
398.8,2433.0727996926
398.9,2452.735997679872
399.0,2472.4971588879284
399.1,2492.3561657655314
399.2,2512.3128944428854
399.3,2532.367214708519
399.4,2552.5189899867087
399.5,2572.7680773154825
399.6,2593.1143273250696
399.7,2613.5575842169333
399.8,2634.097685743382
399.9,2654.7344631875485
400.0,2675.467741344128
400.1,2696.297338500525
400.2,2717.223066418562
400.3,2738.244730316812
400.4,2759.3621288534164
400.5,2780.5750541094903
400.6,2801.8832915731377
400.7,2823.2866201239326
400.8,2844.784812018134
400.9,2866.3776328743065
401.0,2888.064841659652
401.1,2909.846190676834
401.2,2931.7214255514614
401.3,2953.690285220169
401.4,2975.7525019191903
401.5,2997.907801173664
401.6,3020.1559017874456
401.7,3042.4965158335685
401.8,3064.9293486453025
401.9,3087.4540988078124
402.0,3110.0704581505033
402.1,3132.7781117398094
402.2,3155.576737872814
402.3,3178.466008071348
402.4,3201.4455870767774
402.5,3224.515132845385
402.6,3247.674296544398
402.7,3270.922722548643
402.8,3294.2600484378745
402.9,3317.685904994634
403.0,3341.199916202889
403.1,3364.8016992472076
403.2,3388.490864512588
403.3,3412.2670155850105
403.4,3436.129749252572
403.5,3460.078655507222
403.6,3484.1133175472523
403.7,3508.2333117803864
403.8,3532.4382078275094
403.9,3556.7275685270865
404.0,3581.1009499402103
404.1,3605.557901356323
404.2,3630.097965299538
404.3,3654.720677535795
404.4,3679.425567080342
404.5,3704.2121562063553
404.6,3729.079960453682
404.7,3754.028488638686
404.8,3779.057242864589
404.9,3804.1657185323456
405.0,3829.353404352445
405.1,3854.6197823571338
405.2,3879.964327913495
405.3,3905.3865097370585
405.4,3930.885789906129
405.5,3956.461623876803
405.6,3982.113460498594
405.7,4007.8407420307544
405.8,4033.6429041592824
405.9,4059.519376014509
406.0,4085.4695801894995
406.1,4111.492932758971
406.2,4137.588843298862
406.3,4163.756714906829
406.4,4189.995944222986
406.5,4216.3059214516325
406.6,4242.686030383557
406.7,4269.135648418856
406.8,4295.654146590697
406.9,4322.240889589399
407.0,4348.8952357874705
407.1,4375.616537265066
407.2,4402.404139836237
407.3,4429.257383075823
407.4,4456.17560034691
407.5,4483.158118828969
407.6,4510.204259546762
407.7,4537.3133373995815
407.8,4564.484661191603
407.9,4591.717533662337
408.0,4619.011251518195
408.1,4646.365105464353
408.2,4673.778380237404
408.3,4701.250354638674
408.4,4728.780301568029
408.5,4756.367488058436
408.6,4784.01117531099
408.7,4811.7106187307845
408.8,4839.465067963243
408.9,4867.273766930993
409.0,4895.135953871651
409.1,4923.0508613757665
409.2,4951.017716425818
409.3,4979.035740435546
409.4,5007.104149289915
409.5,5035.222153385743
409.6,5063.388957672882
409.7,5091.603761695954
409.8,5119.865759636725
409.9,5148.1741403570395
410.0,5176.528087442301
410.1,5204.92677924558
410.2,5233.369388932182
410.3,5261.855084525014
410.4,5290.38302895016
410.5,5318.952380083408
410.6,5347.562290796868
410.7,5376.211909006665
410.8,5404.90037772075
410.9,5433.626835087361
411.0,5462.390414444244
411.1,5491.190244368039
411.2,5520.02544872439
411.3,5548.895146718697
411.4,5577.798452947069
411.5,5606.734477448041
411.6,5635.702325754657
411.7,5664.7010989472055
411.8,5693.729893706249
411.9,5722.7878023662715
412.0,5751.873912969813
412.1,5780.987309322007
412.2,5810.127071045646
412.3,5839.292273636796
412.4,5868.481988520609
412.5,5897.695283107919
412.6,5926.931220852039
412.7,5956.188861306146
412.8,5985.467260181072
412.9,6014.765469403472
413.0,6044.082537174537
413.1,6073.41750802897
413.2,6102.769422894491
413.3,6132.137319151775
413.4,6161.520230694739
413.5,6190.917187991172
413.6,6220.327218143865
413.7,6249.7493449520625
413.8,6279.18258897337
413.9,6308.62596758589
414.0,6338.078495050906
414.1,6367.539182575704
414.2,6397.007038377022
414.3,6426.4810677445985
414.4,6455.960273105203
414.5,6485.443654086985
414.6,6514.93020758406
414.7,6544.41892782157
414.8,6573.9088064209145
414.9,6603.398832465341
415.0,6632.887992565926
415.1,6662.375270927662
415.2,6691.859649415928
415.3,6721.340107623442
415.4,6750.815622937019
415.5,6780.285170605078
415.6,6809.747723805103
415.7,6839.2022537114335
415.8,6868.647729563451
415.9,6898.083118733691
416.0,6927.507386796527
416.1,6956.919497596794
416.2,6986.3184133187915
416.3,7015.703094555571
416.4,7045.07250037807
416.5,7074.425588404975
416.6,7103.761314872196
416.7,7133.07863470303
416.8,7162.376501578152
416.9,7191.65386800588
417.0,7220.909685392759
417.1,7250.142904113913
417.2,7279.352473584001
417.3,7308.537342327968
417.4,7337.696458052034
417.5,7366.828767714862
417.6,7395.933217598762
417.7,7425.008753381011
417.8,7454.054320205372
417.9,7483.0688627535
418.0,7512.051325316685
418.1,7541.000651867411
418.2,7569.915786131202
418.3,7598.795671658494
418.4,7627.639251896314
418.5,7656.445470260451
418.6,7685.213270207221
418.7,7713.94159530554
418.8,7742.629389309022
418.9,7771.275596227835
419.0,7799.879160400897
419.1,7828.439026567854
419.2,7856.954139941145
419.3,7885.423446278036
419.4,7913.845891952572
419.5,7942.2204240277115
419.6,7970.545990327049
419.7,7998.821539506874
419.8,8027.04602112802
419.9,8055.218385727614
420.0,8083.337584890802
420.1,8111.402571322468
420.2,8139.412298918711
420.3,8167.36572283845
420.4,8195.26179957477
420.5,8223.099487026244
420.6,8250.877744568032
420.7,8278.595533123109
420.8,8306.251815233114
420.9,8333.84555512914
421.0,8361.37571880251
421.1,8388.841274075285
421.2,8416.241190670547
421.3,8443.574440282831
421.4,8470.839996647981
421.5,8498.036835613158
421.6,8525.163935206547
421.7,8552.220275706759
421.8,8579.204839712356
421.9,8606.116612210744
422.0,8632.95458064731
422.1,8659.717734994012
422.2,8686.405067817801
422.3,8713.015574349063
422.4,8739.548252549432
422.5,8766.002103179697
422.6,8792.376129867282
422.7,8818.669339173517
422.8,8844.880740660697
422.9,8871.009346958741
423.0,8897.05417383172
423.1,8923.014240244047
423.2,8948.888568426304
423.3,8974.676183940977
423.4,9000.376115747624
423.5,9025.987396267954
423.6,9051.50906145047
423.7,9076.940150834873
423.8,9102.27970761606
423.9,9127.52677870787
424.0,9152.680414806446
424.1,9177.739670453195
424.2,9202.703604097595
424.3,9227.571278159405
424.4,9252.341759090647
424.5,9277.01411743729
424.6,9301.587427900293
424.7,9326.06076939664
424.8,9350.43322511968
424.9,9374.703882599164
425.0,9398.871833761117
425.1,9422.936174986806
425.2,9446.896007171872
425.3,9470.750435784674
425.4,9494.498570924277
425.5,9518.139527378195
425.6,9541.67242467943
425.7,9565.096387163341
425.8,9588.410544023935
425.9,9611.614029369699
426.0,9634.705982279072
426.1,9657.685546855426
426.2,9680.551872281483
426.3,9703.304112873548
426.4,9725.941428134933
426.5,9748.462982809202
426.6,9770.867946932678
426.7,9793.155495886725
426.8,9815.324810449376
426.9,9837.37507684652
427.0,9859.305486802614
427.1,9881.115237590851
427.2,9902.803532082837
427.3,9924.369578797903
427.4,9945.812591951608
427.5,9967.131791504042
427.6,9988.326403207408
427.7,10009.395658653144
427.8,10030.338795318574
427.9,10051.155056612895
428.0,10071.843691922868
428.1,10092.403956657592
428.2,10112.835112293205
428.3,10133.136426416622
428.4,10153.307172769011
428.5,10173.346631288585
428.6,10193.254088152853
428.7,10213.028835820358
428.8,10232.670173071885
428.9,10252.177405050901
429.0,10271.54984330375
429.1,10290.786805819029
429.2,10309.887617066443
429.3,10328.85160803528
429.4,10347.67811627191
429.5,10366.366485917191
429.6,10384.916067742875
429.7,10403.32621918767
429.8,10421.596304392688
429.9,10439.72569423622
430.0,10457.713766367973
430.1,10475.559905242726
430.2,10493.263502153384
430.3,10510.82395526342
430.4,10528.24066963872
430.5,10545.513057278864
430.6,10562.640537147745
430.7,10579.622535203609
430.8,10596.458484428613
430.9,10613.147824857466
431.0,10629.690003605843
431.1,10646.084474897887
431.2,10662.330700093276
431.3,10678.428147713621
431.4,10694.376293468189
431.5,10710.174620279191
431.6,10725.822618306207
431.7,10741.319784970203
431.8,10756.665624976877
431.9,10771.85965033926
432.0,10786.901380399953
432.1,10801.79034185244
432.2,10816.526068762038
432.3,10831.108102586097
432.4,10845.535992193627
432.5,10859.809293884233
432.6,10873.927571406552
432.7,10887.89039597592
432.8,10901.697346291578
432.9,10915.34800855309
433.0,10928.841976476313
433.1,10942.17885130857
433.2,10955.358241843327
433.3,10968.37976443424
433.4,10981.243043008462
433.5,10993.947709079535
433.6,11006.493401759415
433.7,11018.879767770108
433.8,11031.106461454552
433.9,11043.173144786871
434.0,11055.07948738214
434.1,11066.825166505361
434.2,11078.409867079927
434.3,11089.833281695537
434.4,11101.095110615262
434.5,11112.195061782271
434.6,11123.13285082576
434.7,11133.908201066311
434.8,11144.520843520748
434.9,11154.970516906178
435.0,11165.256967643643
435.1,11175.379949860986
435.2,11185.33922539523
435.3,11195.134563794325
435.4,11204.765742318228
435.5,11214.232545939518
435.6,11223.534767343259
435.7,11232.672206926356
435.8,11241.64467279635
435.9,11250.451980769481
436.0,11259.093954368333
436.1,11267.57042481877
436.2,11275.881231046285
436.3,11284.026219671869
436.4,11292.00524500719
436.5,11299.818169049218
436.6,11307.464861474315
436.7,11314.945199631695
436.8,11322.259068536343
436.9,11329.406360861341
437.0,11336.386976929674
437.1,11343.200824705367
437.2,11349.847819784194
437.3,11356.327885383738
437.4,11362.64095233287
437.5,11368.786959060786
437.6,11374.765851585364
437.7,11380.577583501059
437.8,11386.222115966197
437.9,11391.699417689784
438.0,11397.009464917708
438.1,11402.15224141845
438.2,11407.127738468234
438.3,11411.935954835677
438.4,11416.576896765857
438.5,11421.050577963942
438.6,11425.35701957818
438.7,11429.496250182485
438.8,11433.468305758443
438.9,11437.273229676803
439.0,11440.911072678515
439.1,11444.381892855203
439.2,11447.685755629152
439.3,11450.822733732834
439.4,11453.79290718789
439.5,11456.596363283656
439.6,11459.233196555162
439.7,11461.703508760718
439.8,11464.007408858957
439.9,11466.145012985424
440.0,11468.11644442869
440.1,11469.921833606011
440.2,11471.56131803851
440.3,11473.0350423259
440.4,11474.343158120768
440.5,11475.485824102378
440.6,11476.463205950047
440.7,11477.275476316077
440.8,11477.92281479824
440.9,11478.405407911812
441.0,11478.72344906123
441.1,11478.87713851125
441.2,11478.866683357744
441.3,11478.692297498019
441.4,11478.354201600792
441.5,11477.852623075687
441.6,11477.187796042364
441.7,11476.359961299255
441.8,11475.369366291847
441.9,11474.21626508065
442.0,11472.90091830872
442.1,11471.423593168813
442.2,11469.784563370162
442.3,11467.98410910489
442.4,11466.022517014024
442.5,11463.900080153182
442.6,11461.617097957846
442.7,11459.173876208346
442.8,11456.570726994414
442.9,11453.80796867946
443.0,11450.885925864464
443.1,11447.804929351534
443.2,11444.565316107151
443.3,11441.167429225055
443.4,11437.611617888833
443.5,11433.898237334151
443.6,11430.027648810745
443.7,11426.000219543985
443.8,11421.816322696248
443.9,11417.476337327917
444.0,11412.980648358118
444.1,11408.329646525142
444.2,11403.523728346625
444.3,11398.563296079345
444.4,11393.448757678878
444.5,11388.180526758886
444.6,11382.759022550146
444.7,11377.184669859356
444.8,11371.457899027664
444.9,11365.579145888903
445.0,11359.548851727644
445.1,11353.367463236958
445.2,11347.035432475988
445.3,11340.553216827184
445.4,11333.921278953447
445.5,11327.140086754926
445.6,11320.21011332567
445.7,11313.131836910045
445.8,11305.90574085893
445.9,11298.532313585705
446.0,11291.012048522049
446.1,11283.34544407355
446.2,11275.533003575101
446.3,11267.575235246117
446.4,11259.472652145601
446.5,11251.225772126947
446.6,11242.835117792709
446.7,11234.30121644906
446.8,11225.624600060155
446.9,11216.805805202388
447.0,11207.845373018336
447.1,11198.743849170773
447.2,11189.501783796348
447.3,11180.119731459203
447.4,11170.59825110451
447.5,11160.93790601172
447.6,11151.139263747911
447.7,11141.202896120789
447.8,11131.129379131731
447.9,11120.919292928647
448.0,11110.573221758745
448.1,11100.091753921206
448.2,11089.47548171976
448.3,11078.725001415145
448.4,11067.840913177508
448.5,11056.823821038719
448.6,11045.674332844592
448.7,11034.393060207012
448.8,11022.980618456066
448.9,11011.437626592007
449.0,10999.764707237238
449.1,10987.962486588214
449.2,10976.031594367274
449.3,10963.972663774432
449.4,10951.786331439152
449.5,10939.47323737204
449.6,10927.03402491654
449.7,10914.469340700603
449.8,10901.779834588227
449.9,10888.966159631205
450.0,10876.028972020524
450.1,10862.968931038122
450.2,10849.786699008315
450.3,10836.48294124941
450.4,10823.058326025257
450.5,10809.51352449679
450.6,10795.849210673636
450.7,10782.066061365647
450.8,10768.164756134503
450.9,10754.145977245393
451.0,10740.010409618519
451.1,10725.758740780911
451.2,10711.391660818053
451.3,10696.909862325563
451.4,10682.31404036112
451.5,10667.604892396097
451.6,10652.783118267593
451.7,10637.849420130267
451.8,10622.804502408286
451.9,10607.64907174744
452.0,10592.38383696714
452.1,10577.009509012683
452.2,10561.526800907444
452.3,10545.936427705095
452.4,10530.239106442139
452.5,10514.43555609028
452.6,10498.52649750899
452.7,10482.51265339818
452.8,10466.394748250874
452.9,10450.1735083061
453.0,10433.849661501781
453.1,10417.423937427753
453.2,10400.897067278962
453.3,10384.26978380859
453.4,10367.542821281555
453.5,10350.716915427887
453.6,10333.792803396356
453.7,10316.771223708196
453.8,10299.652916210893
453.9,10282.438622032241
454.0,10265.129083534392
454.1,10247.725044268056
454.2,10230.227248927018
454.3,10212.636443302457
454.4,10194.953374237819
454.5,10177.178789583439
454.6,10159.313438151661
454.7,10141.358069671838
454.8,10123.313434745667
454.9,10105.180284802625
455.0,10086.959372055495
455.1,10068.651449456203
455.2,10050.257270651739
455.3,10031.777589940148
455.4,10013.213162226988
455.5,9994.564742981596
455.6,9975.833088193816
455.7,9957.01895433079
455.8,9938.123098293903
455.9,9919.146277376061
456.0,9900.089249218916
456.1,9880.952771770564
456.2,9861.737603243178
456.3,9842.444502071074
456.4,9823.074226868714
456.5,9803.627536389185
456.6,9784.1051894827
456.7,9764.507945055324
456.8,9744.836562027976
456.9,9725.091799295595
457.0,9705.274415686492
457.1,9685.385169922029
457.2,9665.424820576342
457.3,9645.394126036415
457.4,9625.29384446241
457.5,9605.124733747956
457.6,9584.887551481055
457.7,9564.58305490492
457.8,9544.212000879088
457.9,9523.775145840886
458.0,9503.273245766966
458.1,9482.707056135294
458.2,9462.077331887083
458.3,9441.384827389184
458.4,9420.630296396677
458.5,9399.814492015636
458.6,9378.938166666156
458.7,9358.002072045729
458.8,9337.006959092667
458.9,9315.953577949975
459.0,9294.842677929297
459.1,9273.67500747526
459.2,9252.451314130025
459.3,9231.172344497982
459.4,9209.838844210843
459.5,9188.451557892915
459.6,9167.011229126672
459.7,9145.518600418545
459.8,9123.97441316499
459.9,9102.37940761878
460.0,9080.734322855618
460.1,9059.039896741033
460.2,9037.296865897442
460.3,9015.505965671442
460.4,8993.667930101632
460.5,8971.783491886372
460.6,8949.853382352014
460.7,8927.878331421407
460.8,8905.859067582433
460.9,8883.796317857172
461.0,8861.690807771085
461.1,8839.5432613225
461.2,8817.354400952483
461.3,8795.124947514856
461.4,8772.855620246562
461.5,8750.547136738265
461.6,8728.200212905283
461.7,8705.815562958716
461.8,8683.393899376915
461.9,8660.935932877199
462.0,8638.442372387857
462.1,8615.913925020419
462.2,8593.351296042276
462.3,8570.755188849344
462.4,8548.126304939427
462.5,8525.46534388537
462.6,8502.773003308905
462.7,8480.049978854573
462.8,8457.29696416382
462.9,8434.514650849756
463.0,8411.703728471723
463.1,8388.864884510496
463.2,8365.998804343646
463.3,8343.106171221129
463.4,8320.187666241229
463.5,8297.243968326775
463.6,8274.275754201642
463.7,8251.283698367446
463.8,8228.26847308067
463.9,8205.230748330014
464.0,8182.171191813864
464.1,8159.090468918386
464.2,8135.989242695597
464.3,8112.868173841771
464.4,8089.727920676309
464.5,8066.569139120623
464.6,8043.392482677614
464.7,8020.198602411039
464.8,7996.988146925565
464.9,7973.761762346821
465.0,7950.52009230177
465.1,7927.263777899574
465.2,7903.993457712416
465.3,7880.709767756854
465.4,7857.413341475348
465.5,7834.104809718008
465.6,7810.784800724807
465.7,7787.45394010791
465.8,7764.112850834205
465.9,7740.762153208472
466.0,7717.4024648563345
466.1,7694.03440070793
466.2,7670.658572981531
466.3,7647.275591167667
466.4,7623.886062013364
466.5,7600.490589506705
466.6,7577.089774861756
466.7,7553.684216503599
466.8,7530.274510053751
466.9,7506.861248315836
467.0,7483.445021261513
467.1,7460.0264160166
467.2,7436.606016847656
467.3,7413.184405148629
467.4,7389.76215942784
467.5,7366.339855295307
467.6,7342.91806545025
467.7,7319.497359668868
467.8,7296.078304792352
467.9,7272.661464715359
468.0,7249.2474003743355
468.1,7225.8366697365755
468.2,7202.429827789253
468.3,7179.027426528683
468.4,7155.630014950078
468.5,7132.238139037325
468.6,7108.852341753075
468.7,7085.473163029285
468.8,7062.101139757619
468.9,7038.736805780503
469.0,7015.380691882218
469.1,6992.033325780242
469.2,6968.6952321169065
469.3,6945.36693245127
469.4,6922.048945251328
469.5,6898.741785886179
469.6,6875.445966618862
469.7,6852.161996599133
469.8,6828.89038185651
469.9,6805.631625293704
470.0,6782.3862266801025
470.1,6759.15468264572
470.2,6735.937486675163
470.3,6712.735129101913
470.4,6689.548097102913
470.5,6666.3768746932765
470.6,6643.221942721353
470.7,6620.083778863872
470.8,6596.962857621425
470.9,6573.859650314145
471.0,6550.774625077665
471.1,6527.708246859155
471.2,6504.660977413797
471.3,6481.633275301217
471.4,6458.625595882488
471.5,6435.638391316945
471.6,6412.672110559536
471.7,6389.727199358339
471.8,6366.804100252076
471.9,6343.903252568157
472.0,6321.025092420679
472.1,6298.170052708796
472.2,6275.338563115239
472.3,6252.531050104979
472.4,6229.747936924343
472.5,6206.989643599944
472.6,6184.256586938157
472.7,6161.549180524695
472.8,6138.867834724266
472.9,6116.212956680641
473.0,6093.584950316726
473.1,6070.984216334928
473.2,6048.4111522177855
473.3,6025.866152228554
473.4,6003.3496074123095
473.5,5980.861905596937
473.6,5958.403431394575
473.7,5935.974566203046
473.8,5913.575688207438
473.9,5891.207172382273
474.0,5868.869390493264
474.1,5846.56271109974
474.2,5824.287499557005
474.3,5802.044118018926
474.4,5779.832925440762
474.5,5757.654277582074
474.6,5735.508527009889
474.7,5713.396023101956
474.8,5691.317112050235
474.9,5669.2721368646435
475.0,5647.261437376644
475.1,5625.285350243454
475.2,5603.344208952076
475.3,5581.438343823557
475.4,5559.568082017603
475.5,5537.733747537039
475.6,5515.935661232738
475.7,5494.174140808488
475.8,5472.44950082608
475.9,5450.762052710657
476.0,5429.11210475601
476.1,5407.499962130193
476.2,5385.925926881258
476.3,5364.390297942996
476.4,5342.89337114106
476.5,5321.435439199097
476.6,5300.016791744948
476.7,5278.637715317172
476.8,5257.298493371564
476.9,5235.9994062879005
477.0,5214.74073137674
477.1,5193.522742886436
477.2,5172.345712010292
477.3,5151.209906893679
477.4,5130.115592641587
477.5,5109.063031325968
477.6,5088.052481993443
477.7,5067.084200673147
477.8,5046.15844038443
477.9,5025.275451145033
478.0,5004.43547997908
478.1,4983.638770925459
478.2,4962.885565046099
478.3,4942.176100434427
478.4,4921.510612224074
478.5,4900.889332597539
478.6,4880.312490794926
478.7,4859.780313123027
478.8,4839.293022964259
478.9,4818.850840785872
479.0,4798.453984149136
479.1,4778.102667718821
479.2,4757.797103272498
479.3,4737.537499710293
479.4,4717.324063064375
479.5,4697.156996508845
479.6,4677.036500369542
479.7,4656.96277213403
479.8,4636.936006461605
479.9,4616.956395193467
480.0,4597.024127362961
480.1,4577.1393892059
480.2,4557.30236417095
480.3,4537.513232930163
480.4,4517.7721733895205
480.5,4498.079360699689
480.6,4478.434967266608
480.7,4458.83916276256
480.8,4439.292114136788
480.9,4419.7939856267885
481.0,4400.3449387691035
481.1,4380.945132410658
481.2,4361.594722719934
481.3,4342.293863198128
481.4,4323.042704690701
481.5,4303.841395398667
481.6,4284.690080890144
481.7,4265.588904111945
481.8,4246.538005401111
481.9,4227.537522496746
482.0,4208.587590551577
482.1,4189.688342144006
482.2,4170.839907289817
482.3,4152.042413454134
482.4,4133.295985563531
482.5,4114.600746017883
482.6,4095.9568147026844
482.7,4077.3643090010405
482.8,4058.823343805987
482.9,4040.3340315326914
483.0,4021.8964821307636
483.1,4003.5108030966585
483.2,3985.1770994860844
483.3,3966.8954739263563
483.4,3948.6660266290514
483.5,3930.4888554024164
483.6,3912.3640556639884
483.7,3894.291720453275
483.8,3876.271940444334
483.9,3858.304803958551
484.0,3840.3903969773087
484.1,3822.528803154802
484.2,3804.7201038308526
484.3,3786.9643780437436
484.4,3769.2617025430695
484.5,3751.6121518026957
484.6,3734.0157980336576
484.7,3716.4727111971315
484.8,3698.9829590174345
484.9,3681.546606995067
485.0,3664.1637184197066
485.1,3646.8343543833253
485.2,3629.5585737932793
485.3,3612.3364333854192
485.4,3595.167987737192
485.5,3578.0532892808537
485.6,3560.992388316641
485.7,3543.9853330259216
485.8,3527.0321694844397
485.9,3510.1329416755534
486.0,3493.2876915034362
486.1,3476.49645880635
486.2,3459.759281369951
486.3,3443.0761949405223
486.4,3426.447233238269
486.5,3409.8724279706535
486.6,3393.351808845642
486.7,3376.8854035851064
486.8,3360.4732379380507
486.9,3344.115335694011
487.0,3327.8117186963755
487.1,3311.5624068556876
487.2,3295.3674181630263
487.3,3279.2267687033154
487.4,3263.140472668688
487.5,3247.10854237183
487.6,3231.130988259293
487.7,3215.2078189248696
487.8,3199.3390411229
487.9,3183.5246597816276
488.0,3167.764678016525
488.1,3152.0590971435818
488.2,3136.4079166926945
488.3,3120.811134420889
488.4,3105.2687463257075
488.5,3089.78074665842
488.6,3074.3471279373634
488.7,3058.9678809612305
488.8,3043.6429948222417
488.9,3028.372456919492
489.0,3013.156252972143
489.1,2997.9943670326384
489.2,2982.886781499954
489.3,2967.8334771327422
489.4,2952.834433062553
489.5,2937.8896268069375
489.6,2922.999034282658
489.7,2908.162629818767
489.8,2893.3803861697534
489.9,2878.6522745285806
490.0,2863.978264539789
490.1,2849.3583243125136
490.2,2834.7924204335886
490.3,2820.2805179803986
490.4,2805.8225805339957
490.5,2791.4185701919805
490.6,2777.0684475814714
490.7,2762.772171871988
490.8,2748.529700788311
490.9,2734.3409906234097
491.0,2720.2059962511353
491.1,2706.1246711391896
491.2,2692.0969673617465
491.3,2678.122835612255
491.4,2664.2022252162014
491.5,2650.335084143643
491.6,2636.5213590220537
491.7,2622.7609951487734
491.8,2609.053936503699
491.9,2595.400125761814
492.0,2581.799504305688
492.1,2568.252012237965
492.2,2554.757588393898
492.3,2541.3161703536384
492.4,2527.927694454777
492.5,2514.5920958045162
492.6,2501.3093082921505
492.7,2488.079264601261
492.8,2474.901896221933
492.9,2461.777133463069
493.0,2448.70490546441
493.1,2435.6851402087736
493.2,2422.7177645341085
493.3,2409.802704145524
493.4,2396.939883627337
493.5,2384.129226454977
493.6,2371.370655007004
493.7,2358.6640905769423
493.8,2346.009453385135
493.9,2333.406662590527
494.0,2320.855636302484
494.1,2308.356291592448
494.2,2295.9085445056685
494.3,2283.5123100727983
494.4,2271.167502321502
494.5,2258.874034287976
494.6,2246.6318180284998
494.7,2234.4407646308487
494.8,2222.300784225706
494.9,2210.2117859980535
495.0,2198.173678198471
495.1,2186.1863681544214
495.2,2174.2497622814703
495.3,2162.3637660944555
495.4,2150.5282842186602
495.5,2138.7432204008346
495.6,2127.008477520291
495.7,2115.3239575998814
495.8,2103.6895618169165
495.9,2092.105190514074
496.0,2080.5707432102195
496.1,2069.0861186112816
496.2,2057.651214620885
496.3,2046.2659283511368
496.4,2034.9301561332163
496.5,2023.643793527995
496.6,2012.406735336602
496.7,2001.2188756109056
496.8,1990.0801076639013
496.9,1978.990324080234
497.0,1967.9494167263929
497.1,1956.9572767611178
497.2,1946.013794645616
497.3,1935.1188601536826
497.4,1924.272362381937
497.5,1913.4741897598246
497.6,1902.7242300597002
497.7,1892.0223704068237
497.8,1881.368497289196
497.9,1870.7624965675634
498.0,1860.2042534851182
498.1,1849.6936526773725
498.2,1839.230578181809
498.3,1828.8149134475452
498.4,1818.4465413449943
498.5,1808.1253441753522
498.6,1797.851203680177
498.7,1787.6240010507981
498.8,1777.443616937667
498.9,1767.309931459808
499.0,1757.2228242139986
499.1,1747.1821742840823
499.2,1737.18786025012
499.3,1727.2397601974599
499.4,1717.337751725922
499.5,1707.4817119587324
499.6,1697.6715175515046
499.7,1687.9070447011648
499.8,1678.1881691547849
499.9,1668.5147662183845
500.0,1658.8867107656984
500.1,1649.3038772468349
500.2,1639.7661396969397
500.3,1630.2733717447495
500.4,1620.8254466211497
500.5,1611.4222371676074
500.6,1602.0636158446182
500.7,1592.7494547400743
500.8,1583.4796255775157
500.9,1574.2539997244626
501.0,1565.0724482005453
501.1,1555.9348416856885
501.2,1546.84105052818
501.3,1537.7909447526959
501.4,1528.7843940683113
501.5,1519.821267876373
501.6,1510.9014352784313
501.7,1502.024765084007
501.8,1493.1911258183409
501.9,1484.400385730159
502.0,1475.6524127992573
502.1,1466.947074744146
502.2,1458.2842390295546
502.3,1449.663772873929
502.4,1441.0855432568846
502.5,1432.5494169265573
502.6,1424.0552604069364
502.7,1415.6029400051486
502.8,1407.1923218186314
502.9,1398.8232717423407
503.0,1390.495655475823
503.1,1382.2093385303122
503.2,1373.964186235675
503.3,1365.7600637473915
503.4,1357.5968360534227
503.5,1349.4743679810779
503.6,1341.3925242037824
503.7,1333.3511692478066
503.8,1325.3501674989325
503.9,1317.3893832091217
504.0,1309.4686805030253
504.1,1301.5879233845676
504.2,1293.7469757433487
504.3,1285.9457013610966
504.4,1278.183963918017
504.5,1270.4616269991134
504.6,1262.7785541004062
504.7,1255.1346086351816
504.8,1247.5296539400917
504.9,1239.963553281305
505.0,1232.436169860502
505.1,1224.9473668209246
505.2,1217.497007253268
505.3,1210.0849542015892
505.4,1202.7110706691756
505.5,1195.3752196242822
505.6,1188.0772640059083
505.7,1180.8170667294792
505.8,1173.594490692456
505.9,1166.4093987799508
506.0,1159.2616538702318
506.1,1152.1511188402578
506.2,1145.0776565710544
506.3,1138.0411299531193
506.4,1131.0414018917775
506.5,1124.0783353124214
506.6,1117.1517931658104
506.7,1110.2616384331777
506.8,1103.4077341314376
506.9,1096.5899433182135
507.0,1089.8081290969214
507.1,1083.0621546217324
507.2,1076.3518831025356
507.3,1069.6771778098014
507.4,1063.037902079459
507.5,1056.4339193176486
507.6,1049.8650930055287
507.7,1043.3312867039285
507.8,1036.8323640580247
507.9,1030.3681888019248
508.0,1023.9386247632664
508.1,1017.5435358676916
508.2,1011.1827861433311
508.3,1004.8562397252074
508.4,998.5637608596459
508.5,992.3052139085446
508.6,986.0804633536928
508.7,979.8893738010131
508.8,973.731809984717
508.9,967.6076367714782
509.0,961.516719164504
509.1,955.458922307634
509.2,949.4341114893
509.3,943.4421521465205
509.4,937.4829098688019
509.5,931.5562504020427
509.6,925.6620396523393
509.7,919.8001436897908
509.8,913.9704287522171
509.9,908.1727612489169
510.0,902.4070077642591
510.1,896.6730350613481
510.2,890.9707100855842
510.3,885.2998999681693
510.4,879.6604720296494
510.5,874.0522937832908
510.6,868.4752329385503
510.7,862.9291574044147
510.8,857.4139352927026
510.9,851.9294349213627
511.0,846.4755248177296
511.1,841.0520737216963
511.2,835.6589505888827
511.3,830.2960245937587
511.4,824.9631651327148
511.5,819.6602418271094
511.6,814.3871245262615
511.7,809.1436833104178
511.8,803.9297884936506
511.9,798.7453106267806
512.0,793.5901205001685
512.1,788.4640891465674
512.2,783.3670878438556
512.3,778.2989881177912
512.4,773.2596617446578
512.5,768.2489807539762
512.6,763.266817431075
512.7,758.3130443196849
512.8,753.3875342244884
512.9,748.4901602135944
513.0,743.6207956210344
513.1,738.7793140491929
513.2,733.9655893711853
513.3,729.1794957332339
513.4,724.4209075569735
513.5,719.6896995417585
513.6,714.9857466669138
513.7,710.3089241939417
513.8,705.6591076687288
513.9,701.0361729236487
514.0,696.4399960797406
514.1,691.8704535487402
514.2,687.3274220351541
514.3,682.8107785382615
514.4,678.3204003540906
514.5,673.8561650773817
514.6,669.4179506034955
514.7,665.0056351302865
514.8,660.6190971599615
514.9,656.2582155008836
515.0,651.922869269383
515.1,647.6129378914857
515.2,643.3283011046422
515.3,639.068838959432
515.4,634.8344318211861
515.5,630.6249603716648
515.6,626.4403056106174
515.7,622.2803488573662
515.8,618.144971752344
515.9,614.0340562585868
516.0,609.9474846632261
516.1,605.8851395789368
516.2,601.8469039453466
516.3,597.8326610304316
516.4,593.8422944318668
516.5,589.8756880783733
516.6,585.93272623101
516.7,582.0132934844519
516.8,578.117274768246
516.9,574.2445553480011
517.0,570.3950208266182
517.1,566.5685571454273
517.2,562.7650505853392
517.3,558.9843877679469
517.4,555.2264556566016
517.5,551.4911415574919
517.6,547.7783331206582
517.7,544.0879183409946
517.8,540.419785559243
517.9,536.7738234629223
518.0,533.1499210872777
518.1,529.5479678161735
518.2,525.9678533829708
518.3,522.4094678713808
518.4,518.8727017162801
518.5,515.357445704537
518.6,511.86359097577304
518.7,508.39102902312345
518.8,504.9396516939716
518.9,501.50935119064155
519.0,498.1000200711032
519.1,494.7115512496191
519.2,491.34383799738623
519.3,487.99677394315813
519.4,484.6702530738138
519.5,481.36416973496046
519.6,478.0784186314582
519.7,474.8128948279603
519.8,471.5674937494065
519.9,468.34211118150245
520.0,465.13664327120273
520.1,461.95098652712437
520.2,458.78503781998984
520.3,455.638694383008
520.4,452.5118538122521
520.5,449.4044140670311
520.6,446.3162734702188
520.7,443.2473307085655
520.8,440.19748483300725
520.9,437.1666352589258
521.0,434.15468176642844
521.1,431.16152450057353
521.2,428.187063971591
521.3,425.2312010550887
521.4,422.2938369922252
521.5,419.3748733898857
521.6,416.47421222082323
521.7,413.5917558237777
521.8,410.72740690360115
521.9,407.8810685313273
522.0,405.05264414426904
522.1,402.24203754606435
522.2,399.44915290670957
522.3,396.6738947625962
522.4,393.91616801649434
522.5,391.17587793757053
522.6,388.45293016133354
522.7,385.74723068960964
522.8,383.05868589046986
522.9,380.38720249815077
523.0,377.73268761297936
523.1,375.0950487012536
523.2,372.47419359511395
523.3,369.87003049242367
523.4,367.28246795658475
523.5,364.71141491640293
523.6,362.1567806658823
523.7,359.61847486403434
523.8,357.09640753466516
523.9,354.59048906614333
524.0,352.1006302111644
524.1,349.6267420865004
524.2,347.1687361727167
524.3,344.7265243139052
524.4,342.3000187173725
524.5,339.88913195334237
524.6,337.49377695463187
524.7,335.11386701631096
524.8,332.7493157953574
524.9,330.40003731028736
525.0,328.06594594079843
525.1,325.7469564273674
525.2,323.442983870859
525.3,321.15394373211933
525.4,318.8797518315356
525.5,316.62032434862596
525.6,314.37557782157677
525.7,312.145429146793
525.8,309.9297955784265
525.9,307.72859472788963
526.0,305.54174456337813
526.1,303.3691634093584
526.2,301.21076994605676
526.3,299.06648320894107
526.4,296.9362225881742
526.5,294.8199078280875
526.6,292.7174590266101
526.7,290.62879663471415
526.8,288.553841455841
526.9,286.49251464530084
527.0,284.4447377097032
527.1,282.41043250633436
527.2,280.38952124255405
527.3,278.38192647517104
527.4,276.3875711098051
527.5,274.40637840025835
527.6,272.4382719478587
527.7,270.4831757008034
527.8,268.54101395349403
527.9,266.6117113458561
528.0,264.69519286266274
528.1,262.7913838328392
528.2,260.9002099287647
528.3,259.02159716556525
528.4,257.1554719003907
528.5,255.30176083170397
528.6,253.46039099854133
528.7,251.6312897797759
528.8,249.8143848933764
528.9,248.00960439564153
529.0,246.21687668045806
529.1,244.43613047851892
529.2,242.6672948565554
529.3,240.91029921655885
529.4,239.16507329498114
529.5,237.43154716195758
529.6,235.70965122049307
529.7,233.99931620566397
529.8,232.3004731837992
529.9,230.61305355166147
530.0,228.93698903562515
530.1,227.27221169084578
530.2,225.61865390041825
530.3,223.97624837454154
530.4,222.3449281496587
530.5,220.72462658761955
530.6,219.11527737480915
530.7,217.51681452128665
530.8,215.9291723599222
530.9,214.35228554550824
531.0,212.78608905389692
531.1,211.2305181811068
531.2,209.6855085424324
531.3,208.1509960715592
531.4,206.62691701965022
531.5,205.1132079544613
531.6,203.6098057594223
531.7,202.11664763272913
531.8,200.63367108643058
531.9,199.1608139455012
532.0,197.69801434692718
532.1,196.24521073877492
532.2,194.80234187925583
532.3,193.36934683579983
532.4,191.94616498410483
532.5,190.53273600720914
532.6,189.12899989453416
532.7,187.7348969409388
532.8,186.35036774577213
532.9,184.97535321190622
533.0,183.60979454479076
533.1,182.2536332514845
533.2,180.90681113968898
533.3,179.56927031678956
533.4,178.24095318887024
533.5,176.9218024597577
533.6,175.61176113003415
533.7,174.31077249606366
533.8,173.0187801490124
533.9,171.73572797385955
534.0,170.46156014842097
534.1,169.1962211423547
534.2,167.93965571617548
534.3,166.69180892026114
534.4,165.4526260938551
534.5,164.22205286407944
534.6,163.0000351449293
534.7,161.78651913627746
534.8,160.58145132287413
534.9,159.3847784733368
535.0,158.1964476391565
535.1,157.01640615368433
535.2,155.8446016311286
535.3,154.6809819655428
535.4,153.5254953298145
535.5,152.37809017466088
535.6,151.23871522760876
535.7,150.10731949198518
535.8,148.98385224590362
535.9,147.86826304124125
536.0,146.76050170263258
536.1,145.6605183264457
536.2,144.5682632797651
536.3,143.4836871993746
536.4,142.4067409907324
536.5,141.33737582695844
536.6,140.275543147809
536.7,139.22119465865524
536.8,138.1742823294642
536.9,137.13475839377082
537.0,136.10257534766413
537.1,135.07768594875733
537.2,134.06004321516704
537.3,133.04960042449272
537.4,132.0463111127858
537.5,131.05012907353697
537.6,130.06100835664367
537.7,129.07890326739263
537.8,128.10376836543392
537.9,127.13555846375525
538.0,126.17422862766605
538.1,125.21973417376942
538.2,124.27203066894039
538.3,123.33107392930626
538.4,122.39682001922057
538.5,121.46922525024691
538.6,120.54824618013559
538.7,119.6338396118026
538.8,118.7259625923137
538.9,117.8245724118582
539.0,116.92962660273913
539.1,116.04108293834979
539.2,115.15889943215868
539.3,114.28303433669524
539.4,113.41344614252777
539.5,112.55009357725895
539.6,111.69293560450438
539.7,110.8419314228839
539.8,109.99704046500896
539.9,109.15822239647004
540.0,108.3254371148317
540.1,107.49864474862031
540.2,106.67780565631944
540.3,105.86288042536215
540.4,105.05382987112552
540.5,104.2506150359294
540.6,103.45319718803276
540.7,102.66153782063452
540.8,101.87559865087115
540.9,101.09534161881888
541.0,100.3207288865003
541.1,99.55172283688614
541.2,98.78828607290168
541.3,98.03038141643735
541.4,97.27797190735184
541.5,96.53102080249054
541.6,95.78949157469418
541.7,95.05334791181285
541.8,94.3225537157236
541.9,93.59707310134509
542.0,92.8768703956617
542.1,92.16191013674066
542.2,91.45215707275668
542.3,90.74757616101778
542.4,90.0481325669874
542.5,89.35379166331991
542.6,88.6645190288853
542.7,87.9802804478049
542.8,87.3010419084848
542.9,86.62676960264943
543.0,85.95742992438561
543.1,85.29298946917825
543.2,84.63341503295567
543.3,83.97867361113285
543.4,83.32873239765624
543.5,82.68355878405673
543.6,82.04312035849834
543.7,81.40738490483055
543.8,80.7763204016467
543.9,80.1498950213368
544.0,79.52807712915217
544.1,78.910835282265
544.2,78.29813822883273
544.3,77.68995490706709
544.4,77.08625444429828
544.5,76.48700615605176
544.6,75.89217954511867
544.7,75.30174430063254
544.8,74.71567029714969
544.9,74.13392759372553
545.0,73.55648643300324
545.1,72.98331724029637
545.2,72.41439062267864
545.3,71.84967736807361
545.4,71.28914844434733
545.5,70.73277499840674
545.6,70.18052835529518
545.7,69.6323800172954
545.8,69.08830166303156
545.9,68.54826514657486
546.0,68.0122424965537
546.1,67.48020591526412
546.2,66.95212777778306
546.3,66.42798063108651
546.4,65.90773719316472
546.5,65.39137035214912
546.6,64.87885316543269
546.7,64.37015885879907
546.8,63.865260825552085
546.9,63.364132625646086
547.0,62.866747984824926
547.1,62.37308079375684
547.2,61.88310510717612
547.3,61.39679514302705
547.4,60.91412528160835
547.5,60.43507006472377
547.6,59.95960419483366
547.7,59.487702534208495
547.8,59.01934010408709
547.9,58.55449208383495
548.0,58.09313381010911
548.1,57.63524077602397
548.2,57.18078863031744
548.3,56.72975317652558
548.4,56.28211037215218
548.5,55.837836327851214
548.6,55.39690730660312
548.7,54.959299722898585
548.8,54.52499014192476
548.9,54.09395527875133
549.0,53.666171997525474
549.1,53.241617310663784
549.2,52.82026837804949
549.3,52.40210250623454
549.4,51.98709714763827
549.5,51.57522989975856
549.6,51.16647850437658
549.7,50.760820846770486
549.8,50.35823495492954
549.9,49.958698998770544
550.0,49.56219128936053
550.1,49.16869027813807
550.2,48.778174556140634
550.3,48.39062285323418
550.4,48.00601403734312
550.5,47.62432711368879
550.6,47.24554122402501
550.7,46.86963564588018
550.8,46.49658979180108
550.9,46.12638320859876
551.0,45.75899557660057
551.1,45.39440670890122
551.2,45.03259655061909
551.3,44.673545178155614
551.4,44.3172327984547
551.5,43.9636397482707
551.6,43.61274649343383
551.7,43.264533628121264
551.8,42.91898187413109
551.9,42.576072080157
552.0,42.235785221071
552.1,41.898102397202784
552.2,41.56300483362677
552.3,41.230473879450216
552.4,40.90049100710318
552.5,40.573037811635416
552.6,40.24809601001077
552.7,39.92564744040948
552.8,39.605674061530266
552.9,39.28815795189584
553.0,38.97308130916365
553.1,38.660426449436606
553.2,38.35017580657791
553.3,38.042311931530165
553.4,37.73681749163396
553.5,37.43367526995416
553.6,37.13286816460539
553.7,36.83437918808113
553.8,36.53819146658772
553.9,36.244288239377724
554.0,35.952652858091156
554.1,35.66326878609431
554.2,35.376119597825664
554.3,35.091188978142725
554.4,34.80846072167064
554.5,34.52791873215792
554.6,34.2495470218306
554.7,33.9733297107508
554.8,33.69925102618043
554.9,33.427295301943026
555.0,33.157446977793676
555.1,32.889690598788576
555.2,32.62401081465807
555.3,32.360392379183516
555.4,32.09882014957507
555.5,31.83927908585543
555.6,31.581754250243364
555.7,31.326230806541815
555.8,31.072694019528505
555.9,30.821129254348218
556.0,30.571521975911363
556.1,30.32385774829057
556.2,30.078122234124454
556.3,29.83430119402158
556.4,29.592380485966757
556.5,29.352346064734483
556.6,29.114183981299078
556.7,28.877880382252794
556.8,28.64342150922355
556.9,28.410793698296306
557.0,28.179983379438823
557.1,27.95097707592746
557.2,27.723761403778052
557.3,27.498323071178326
557.4,27.27464887792258
557.5,27.052725714851846
557.6,26.832540563293385
557.7,26.61408049450483
557.8,26.39733266912123
557.9,26.18228433660315
558.0,25.968922834689867
558.1,25.757235588853796
558.2,25.547210111757167
558.3,25.338834002713526
558.4,25.132094947148683
558.5,24.92698071606788
558.6,24.723479165523592
558.7,24.52157823608587
558.8,24.32126595231678
558.9,24.122530422245312
559.0,23.92535983684804
559.1,23.72974246952921
559.2,23.53566667560576
559.3,23.343120891793944
559.4,23.15209363569794
559.5,22.962573505303357
559.6,22.774549178471393
559.7,22.58800941243561
559.8,22.402943043302546
559.9,22.219338985553446
560.0,22.03718623155025
560.1,21.856473851042665
560.2,21.677190990678245
560.3,21.499326873516065
560.4,21.32287079854051
560.5,21.14781214018074
560.6,20.974140347830314
560.7,20.801844945370213
560.8,20.630915530694526
560.9,20.461341775237752
561.0,20.29311342350626
561.1,20.12622029261074
561.2,19.96065227180156
561.3,19.79639932200714
561.4,19.633451475373686
561.5,19.47179883480877
561.6,19.311431573526683
561.7,19.152339934595332
561.8,18.9945142304879
561.9,18.837944842633753
562.0,18.682622220974935
562.1,18.528536883523334
562.2,18.375679415920132
562.3,18.2240404709987
562.4,18.07361076834822
562.5,17.924381093882424
562.6,17.77634229940744
562.7,17.62948530219478
562.8,17.483801084554596
562.9,17.33928069341234
563.0,17.19591523988828
563.1,17.053695898877802
563.2,16.912613908635656
563.3,16.77266057036094
563.4,16.633827247785764
563.5,16.49610536676546
563.6,16.359486414871277
563.7,16.223961940985447
563.8,16.089523554898303
563.9,15.95616292690736
564.0,15.823871787419696
564.1,15.69264192655579
564.2,15.56246519375523
564.3,15.433333497385942
564.4,15.305238804353785
564.5,15.178173139716275
564.6,15.052128586297348
564.7,14.927097284304683
564.8,14.803071430948995
564.9,14.680043280065068
565.0,14.558005141736759
565.1,14.436949381921947
565.2,14.31686842208088
565.3,14.197754738806278
565.4,14.079600863455491
565.5,13.962399381785314
565.6,13.84614293358839
565.7,13.730824212331546
565.8,13.616435964797075
565.9,13.502970990724577
566.0,13.390422142457206
566.1,13.278782324587514
566.2,13.16804449360699
566.3,13.058201657557014
566.4,12.949246875681508
566.5,12.841173258083082
566.6,12.733973965379123
566.7,12.62764220836157
566.8,12.522171247658026
566.9,12.417554393394452
567.0,12.313785004860902
567.1,12.21085649017851
567.2,12.108762305968167
567.3,12.007495957022302
567.4,11.907050995976883
567.5,11.807421022987544
567.6,11.708599685405444
567.7,11.610580677456856
567.8,11.513357739923315
567.9,11.416924659824367
568.0,11.32127527010242
568.1,11.226403449308872
568.2,11.13230312129237
568.3,11.038968254889475
568.4,10.946392863615753
568.5,10.854571005360622
568.6,10.763496782082608
568.7,10.6731643395072
568.8,10.583567866825877
568.9,10.494701596397508
569.0,10.406559803451705
569.1,10.319136805793296
569.2,10.232426963508992
569.3,10.146424678676151
569.4,10.06112439507237
569.5,9.976520597888276
569.6,9.892607813440602
569.7,9.809380608888018
569.8,9.726833591948294
569.9,9.644961410617142
570.0,9.56375875288919
570.1,9.48322034648022
570.2,9.403340958551281
570.3,9.324115395434914
570.4,9.245538502361823
570.5,9.16760516319106
570.6,9.090310300140453
570.7,9.013648873519093
570.8,8.937615881461992
570.9,8.862206359665187
571.0,8.787415381124205
571.1,8.713238055872544
571.2,8.63966953072283
571.3,8.566704989009086
571.4,8.494339650330527
571.5,8.422568770297719
571.6,8.351387640279402
571.7,8.280791587151478
571.8,8.210775973047314
571.9,8.141336195109634
572.0,8.07246768524418
572.1,8.004165909874864
572.2,7.936426369700263
572.3,7.8692445994517675
572.4,7.802616167653234
572.5,7.736536676382533
572.6,7.671001761033913
572.7,7.6060070900824055
572.8,7.541548364849763
572.9,7.477621319271161
573.0,7.414221719664561
573.1,7.351345364500477
573.2,7.28898808417387
573.3,7.227145740777281
573.4,7.16581422787495
573.5,7.1049894702797385
573.6,7.044667423829765
573.7,6.984844075167729
573.8,6.925515441521265
573.9,6.8666775704843035
574.0,6.808326539800589
574.1,6.75045845714815
574.2,6.693069459925175
574.3,6.636155715037351
574.4,6.579713418686446
574.5,6.523738796160572
574.6,6.46822810162564
574.7,6.413177617917924
574.8,6.358583656338395
574.9,6.304442556448078
575.0,6.2507506858648805
575.1,6.197504440061849
575.2,6.144700242166502
575.3,6.092334542761652
575.4,6.040403819687333
575.5,5.988904577844368
575.6,5.937833348999014
575.7,5.88718669158866
575.8,5.836961190529421
575.9,5.787153457024162
576.0,5.737760128372682
576.1,5.688777867782485
576.2,5.640203364181011
576.3,5.592033332029303
576.4,5.544264511136344
576.5,5.496893666475456
576.6,5.449917588001284
576.7,5.40333309046808
576.8,5.357137013249407
576.9,5.311326220158774
577.0,5.26589759927182
577.1,5.220848062749376
577.2,5.1761745466617555
577.3,5.1318740108142995
577.4,5.087943438574047
577.5,5.044379836697614
577.6,5.001180235160132
577.7,4.958341686985391
577.8,4.915861268077178
577.9,4.873736077051377
578.0,4.83196323507003
578.1,4.79053988567545
578.2,4.749463194626376
578.3,4.708730349734591
578.4,4.668338560702895
578.5,4.628285058964332
578.6,4.588567097522221
578.7,4.549181950791371
578.8,4.510126914440446
578.9,4.471399305235161
579.0,4.432996460882972
579.1,4.394915739878353
579.2,4.357154521349436
579.3,4.31971020490552
579.4,4.282580210485619
579.5,4.245761978208347
579.6,4.209252968222328
579.7,4.173050660558028
579.8,4.137152554980401
579.9,4.101556170842561
580.0,4.066259046940504
580.1,4.031258741368905
580.2,3.9965528313776777
580.3,3.962138913229719
580.4,3.9280146020593985
580.5,3.8941775317324328
580.6,3.8606253547062894
580.7,3.827355741891738
580.8,3.7943663825154506
580.9,3.7616549839832536
581.0,3.7292192717446766
581.1,3.6970569891582103
581.2,3.665165897357575
581.3,3.633543775118892
581.4,3.6021884187286255
581.5,3.571097641852891
581.6,3.54026927540708
581.7,3.509701167426862
581.8,3.479391182939841
581.9,3.4493372038379975
582.0,3.419537128751515
582.1,3.3899888729228564
582.2,3.3606903680821105
582.3,3.331639562323165
582.4,3.3028344199805204
582.5,3.2742729215073374
582.6,3.2459530633539924
582.7,3.217872857847578
582.8,3.190030333072456
582.9,3.1624235327512786
583.0,3.1350505161271482
583.1,3.1079093578465464
583.2,3.0809981478428727
583.3,3.0543149912211467
583.4,3.0278580081431503
583.5,3.0016253337137555
583.6,2.975615117867685
583.7,2.9498255252573773
583.8,2.924254735141497
583.9,2.8989009412741282
584.0,2.8737623517949866
584.1,2.8488371891203297
584.2,2.824123689834426
584.3,2.7996201045821922
584.4,2.775324697962096
584.5,2.7512357484203314
584.6,2.7273515481454136
584.7,2.7036704029635303
584.8,2.6801906322348894
584.9,2.656910568750368
585.0,2.633828558629432
585.1,2.6109429612183614
585.2,2.5882521489893824
585.3,2.5657545074404613
585.4,2.543448434995837
585.5,2.5213323429073053
585.6,2.4994046551561513
585.7,2.477663808355754
585.8,2.456108251655029
585.9,2.4347364466423014
586.0,2.413546867250197
586.1,2.3925379996609983
586.2,2.3717083422127017
586.3,2.35105640530581
586.4,2.3305807113106964
586.5,2.310279794475844
586.6,2.290152200836477
586.7,2.270196488124031
586.8,2.250411225676229
586.9,2.230794994347701
587.0,2.211346386421534
587.1,2.1920640055211065
587.2,2.172946466522806
587.3,2.1539923954693068
587.4,2.135200429483347
587.5,2.1165692166824526
587.6,2.0980974160939025
587.7,2.079783697570581
587.8,2.0616267417073213
587.9,2.043625239757797
588.0,2.0257778935522595
588.1,2.008083415415601
588.2,1.9905405280861521
588.3,1.9731479646350707
588.4,1.9559044683861828
588.5,1.9388087928367082
588.6,1.9218597015782004
588.7,1.9050559682183414
588.8,1.8883963763031697
588.9,1.8718797192398298
589.0,1.8555048002201366
589.1,1.8392704321443787
589.2,1.8231754375459106
589.3,1.8072186485162027
589.4,1.7913989066303844
589.5,1.7757150628735032
589.6,1.7601659775672047
589.7,1.7447505202969342
589.8,1.7294675698397373
589.9,1.7143160140925369
590.0,1.6992947500010003
590.1,1.684402683488907
590.2,1.6696387293879846
590.3,1.655001811368357
590.4,1.640490861869353
590.5,1.6261048220310474
590.6,1.611842641626137
590.7,1.5977032789923358
590.8,1.5836857009653564
590.9,1.5697888828122741
591.0,1.556011808165523
591.1,1.542353468957233
591.2,1.5288128653541666
591.3,1.5153890056930854
591.4,1.5020809064165568
591.5,1.488887592009361
591.6,1.4758080949352956
591.7,1.4628414555743716
591.8,1.449986722160639
591.9,1.4372429507203242
592.0,1.4246092050105645
592.1,1.412084556458485
592.2,1.3996680841007887
592.3,1.3873588745237984
592.4,1.3751560218038943
592.5,1.363058627448458
592.6,1.3510658003372613
592.7,1.3391766566642316
592.8,1.3273903198797055
592.9,1.3157059206330526
593.0,1.3041225967158507
593.1,1.292639493005365
593.2,1.2812557614084978
593.3,1.2699705608061658
593.4,1.2587830569980714
593.5,1.2476924226479311
593.6,1.236697837229086
593.7,1.2257984869704988
593.8,1.214993564803212
593.9,1.2042822703071383
594.0,1.1936638096583487
594.1,1.1831373955766888
594.2,1.1727022472737605
594.3,1.1623575904014152
594.4,1.152102657000463
594.5,1.1419366854499722
594.6,1.1318589204167882
594.7,1.1218686128054831
594.8,1.1119650197087612
594.9,1.1021474043580703
595.0,1.0924150360747953
595.1,1.0827671902216336
595.2,1.0732031481544955
595.3,1.0637221971746453
595.4,1.0543236304812351
595.5,1.0450067471242985
595.6,1.035770851957974
595.7,1.0266152555941308
595.8,1.0175392743563731
595.9,1.008542230234333
596.0,0.9996234508384065
596.1,0.9907822693547471
596.2,0.9820180245006183
596.3,0.9733300604801476
596.4,0.964717726940304
596.5,0.9561803789273613
596.6,0.9477173768435561
596.7,0.9393280864041553
596.8,0.9310118785948361
596.9,0.9227681296293571
597.0,0.9145962209076111
597.1,0.9064955389739818
597.2,0.8984654754759661
597.3,0.8905054271232216
597.4,0.8826147956467636
597.5,0.8747929877586871
597.6,0.867039415112018
597.7,0.8593534942609448
597.8,0.8517346466213892
597.9,0.8441822984317838
598.0,0.8366958807142649
598.1,0.8292748292360924
598.2,0.821918584471366
598.3,0.8146265915630835
598.4,0.8073983002854201
598.5,0.8002331650063954
598.6,0.7931306446507377
598.7,0.7860902026630632
598.8,0.7791113069714038
598.9,0.7721934299508694
599.0,0.7653360483877775
599.1,0.7585386434438932
599.2,0.7518007006210671
599.3,0.7451217097260756
599.4,0.7385011648357326
599.5,0.7319385642623423
599.6,0.725433410519352
599.7,0.7189852102872778
599.8,0.7125934743799373
599.9,0.7062577177108643
600.0,0.6999774592601028
